{
  "Top": "edit_image_array",
  "RtlTop": "edit_image_array",
  "RtlPrefix": "",
  "RtlSubPrefix": "edit_image_array_",
  "SourceLanguage": "cpp",
  "HostMachineBits": "64",
  "FunctionProtocol": "ap_ctrl_hs",
  "ResetStyle": "control",
  "Target": {
    "Family": "zynquplus",
    "Device": "xck26",
    "Package": "-sfvc784",
    "Speed": "-2LV-c",
    "Triple": "fpga64-xilinx-none"
  },
  "Args": {
    "A": {
      "index": "0",
      "direction": "in",
      "srcType": "stream<hls::axis<ap_int<32>, 2, 5, 6, '8', false>, 0>&",
      "srcSize": "96",
      "hwRefs": [{
          "type": "interface",
          "interface": "A",
          "name": "",
          "usage": "data",
          "direction": "in"
        }]
    },
    "B": {
      "index": "1",
      "direction": "out",
      "srcType": "stream<hls::axis<ap_int<32>, 2, 5, 6, '8', false>, 0>&",
      "srcSize": "96",
      "hwRefs": [{
          "type": "interface",
          "interface": "B",
          "name": "",
          "usage": "data",
          "direction": "out"
        }]
    }
  },
  "HlsSolution": {
    "FlowTarget": "vivado",
    "ConfigTcl": [
      "config_export -format=ip_catalog",
      "config_export -rtl=verilog"
    ],
    "ProfileOption": "0",
    "ProfileType": "none",
    "KernelName": "edit_image_array"
  },
  "ClockInfo": {
    "ClockName": "ap_clk",
    "ClockPeriod": "10",
    "Uncertainty": "2.7",
    "IsCombinational": "0",
    "II": "undef",
    "Latency": "undef"
  },
  "Xdc": {"OocClocks": ["create_clock -name ap_clk -period 10.000 [get_ports ap_clk]"]},
  "Ipx": {
    "Vendor": "xilinx.com",
    "Library": "hls",
    "Name": "edit_image_array",
    "Version": "1.0",
    "DisplayName": "Edit_image_array",
    "Revision": "2113611086",
    "Description": "An IP generated by Vitis HLS",
    "Taxonomy": "\/VITIS_HLS_IP",
    "AutoFamilySupport": "",
    "ZipFile": "xilinx_com_hls_edit_image_array_1_0.zip"
  },
  "Files": {
    "CSource": ["..\/..\/main.cpp"],
    "Vhdl": [
      "impl\/vhdl\/edit_image_array_control_s_axi.vhd",
      "impl\/vhdl\/edit_image_array_flow_control_loop_pipe.vhd",
      "impl\/vhdl\/edit_image_array_regslice_both.vhd",
      "impl\/vhdl\/edit_image_array.vhd"
    ],
    "Verilog": [
      "impl\/verilog\/edit_image_array_control_s_axi.v",
      "impl\/verilog\/edit_image_array_flow_control_loop_pipe.v",
      "impl\/verilog\/edit_image_array_hls_deadlock_idx0_monitor.v",
      "impl\/verilog\/edit_image_array_hls_deadlock_kernel_monitor_top.vh",
      "impl\/verilog\/edit_image_array_regslice_both.v",
      "impl\/verilog\/edit_image_array.v"
    ],
    "SwDriver": [
      "impl\/misc\/drivers\/edit_image_array_v1_0\/data\/edit_image_array.mdd",
      "impl\/misc\/drivers\/edit_image_array_v1_0\/data\/edit_image_array.tcl",
      "impl\/misc\/drivers\/edit_image_array_v1_0\/data\/edit_image_array.yaml",
      "impl\/misc\/drivers\/edit_image_array_v1_0\/src\/CMakeLists.txt",
      "impl\/misc\/drivers\/edit_image_array_v1_0\/src\/Makefile",
      "impl\/misc\/drivers\/edit_image_array_v1_0\/src\/xedit_image_array.c",
      "impl\/misc\/drivers\/edit_image_array_v1_0\/src\/xedit_image_array.h",
      "impl\/misc\/drivers\/edit_image_array_v1_0\/src\/xedit_image_array_hw.h",
      "impl\/misc\/drivers\/edit_image_array_v1_0\/src\/xedit_image_array_linux.c",
      "impl\/misc\/drivers\/edit_image_array_v1_0\/src\/xedit_image_array_sinit.c"
    ],
    "IpMisc": ["impl\/misc\/logo.png"],
    "CsynthXml": "syn\/report\/csynth.xml",
    "DebugDir": ".debug",
    "KernelXml": ".autopilot\/db\/kernel.internal.xml",
    "Xo": "",
    "XoHlsDir": "",
    "ProtoInst": [".debug\/edit_image_array.protoinst"]
  },
  "SubcoreInfo": {
    "HasXpmMemory": false,
    "HasClockedDsp": false,
    "Ip": []
  },
  "Interfaces": {
    "s_axi_control": {
      "type": "axi4lite",
      "busTypeName": "aximm",
      "mode": "slave",
      "dataWidth": "32",
      "addrWidth": "4",
      "portPrefix": "s_axi_control_",
      "paramPrefix": "C_S_AXI_CONTROL_",
      "ports": [
        "s_axi_control_ARADDR",
        "s_axi_control_ARREADY",
        "s_axi_control_ARVALID",
        "s_axi_control_AWADDR",
        "s_axi_control_AWREADY",
        "s_axi_control_AWVALID",
        "s_axi_control_BREADY",
        "s_axi_control_BRESP",
        "s_axi_control_BVALID",
        "s_axi_control_RDATA",
        "s_axi_control_RREADY",
        "s_axi_control_RRESP",
        "s_axi_control_RVALID",
        "s_axi_control_WDATA",
        "s_axi_control_WREADY",
        "s_axi_control_WSTRB",
        "s_axi_control_WVALID"
      ],
      "registers": [
        {
          "offset": "0x00",
          "name": "CTRL",
          "access": "RW",
          "description": "Control signals",
          "range": "32",
          "fields": [
            {
              "offset": "0",
              "width": "1",
              "name": "AP_START",
              "access": "RW",
              "description": "Control signal Register for 'ap_start'."
            },
            {
              "offset": "1",
              "width": "1",
              "name": "AP_DONE",
              "access": "R",
              "description": "Control signal Register for 'ap_done'."
            },
            {
              "offset": "2",
              "width": "1",
              "name": "AP_IDLE",
              "access": "R",
              "description": "Control signal Register for 'ap_idle'."
            },
            {
              "offset": "3",
              "width": "1",
              "name": "AP_READY",
              "access": "R",
              "description": "Control signal Register for 'ap_ready'."
            },
            {
              "offset": "4",
              "width": "3",
              "name": "RESERVED_1",
              "access": "R",
              "description": "Reserved.  0s on read."
            },
            {
              "offset": "7",
              "width": "1",
              "name": "AUTO_RESTART",
              "access": "RW",
              "description": "Control signal Register for 'auto_restart'."
            },
            {
              "offset": "8",
              "width": "1",
              "name": "RESERVED_2",
              "access": "R",
              "description": "Reserved.  0s on read."
            },
            {
              "offset": "9",
              "width": "1",
              "name": "INTERRUPT",
              "access": "R",
              "description": "Control signal Register for 'interrupt'."
            },
            {
              "offset": "10",
              "width": "22",
              "name": "RESERVED_3",
              "access": "R",
              "description": "Reserved.  0s on read."
            }
          ]
        },
        {
          "offset": "0x04",
          "name": "GIER",
          "access": "RW",
          "description": "Global Interrupt Enable Register",
          "range": "32",
          "fields": [
            {
              "offset": "0",
              "width": "1",
              "name": "Enable",
              "access": "RW",
              "description": "Master enable for the device interrupt output to the system interrupt controller: 0 = Disabled, 1 = Enabled"
            },
            {
              "offset": "1",
              "width": "31",
              "name": "RESERVED",
              "access": "R",
              "description": "Reserved.  0s on read."
            }
          ]
        },
        {
          "offset": "0x08",
          "name": "IP_IER",
          "access": "RW",
          "description": "IP Interrupt Enable Register",
          "range": "32",
          "fields": [
            {
              "offset": "0",
              "width": "1",
              "name": "CHAN0_INT_EN",
              "access": "RW",
              "description": "Enable Channel 0 (ap_done) Interrupt.  0 = Disabled, 1 = Enabled."
            },
            {
              "offset": "1",
              "width": "1",
              "name": "CHAN1_INT_EN",
              "access": "RW",
              "description": "Enable Channel 1 (ap_ready) Interrupt.  0 = Disabled, 1 = Enabled."
            },
            {
              "offset": "2",
              "width": "30",
              "name": "RESERVED_0",
              "access": "R",
              "description": "Reserved.  0s on read."
            }
          ]
        },
        {
          "offset": "0x0c",
          "name": "IP_ISR",
          "access": "RW",
          "description": "IP Interrupt Status Register",
          "range": "32",
          "fields": [
            {
              "offset": "0",
              "width": "1",
              "name": "CHAN0_INT_ST",
              "access": "RTOW",
              "description": "Channel 0 (ap_done) Interrupt Status. 0 = No Channel 0 interrupt, 1 = Channel 0 interrupt."
            },
            {
              "offset": "1",
              "width": "1",
              "name": "CHAN1_INT_ST",
              "access": "RTOW",
              "description": "Channel 1 (ap_ready) Interrupt Status. 0 = No Channel 1 interrupt, 1 = Channel 1 interrupt."
            },
            {
              "offset": "2",
              "width": "30",
              "name": "RESERVED_0",
              "access": "R",
              "description": "Reserved.  0s on read."
            }
          ]
        }
      ]
    },
    "ap_clk": {
      "type": "clock",
      "busTypeName": "clock",
      "mode": "slave",
      "busParams": {
        "ASSOCIATED_BUSIF": "s_axi_control:A:B",
        "ASSOCIATED_RESET": "ap_rst_n"
      },
      "portMap": {"ap_clk": "CLK"},
      "ports": ["ap_clk"]
    },
    "ap_rst_n": {
      "type": "reset",
      "busTypeName": "reset",
      "mode": "slave",
      "busParams": {"POLARITY": "ACTIVE_LOW"},
      "portMap": {"ap_rst_n": "RST"},
      "ports": ["ap_rst_n"]
    },
    "interrupt": {
      "type": "interrupt",
      "busTypeName": "interrupt",
      "mode": "master",
      "dataWidth": "1",
      "busParams": {"SENSITIVITY": "LEVEL_HIGH"},
      "portMap": {"interrupt": "INTERRUPT"},
      "ports": ["interrupt"]
    },
    "A": {
      "type": "axi4stream",
      "busTypeName": "axis",
      "mode": "slave",
      "dataWidth": "32",
      "portPrefix": "A_",
      "ports": [
        "A_TDATA",
        "A_TDEST",
        "A_TID",
        "A_TKEEP",
        "A_TLAST",
        "A_TREADY",
        "A_TSTRB",
        "A_TUSER",
        "A_TVALID"
      ],
      "constraints": [{
          "constraint_type": "pragma interface",
          "mode": "axis",
          "register_option": "0",
          "register_mode": "both",
          "argName": "A"
        }]
    },
    "B": {
      "type": "axi4stream",
      "busTypeName": "axis",
      "mode": "master",
      "dataWidth": "32",
      "portPrefix": "B_",
      "ports": [
        "B_TDATA",
        "B_TDEST",
        "B_TID",
        "B_TKEEP",
        "B_TLAST",
        "B_TREADY",
        "B_TSTRB",
        "B_TUSER",
        "B_TVALID"
      ],
      "constraints": [{
          "constraint_type": "pragma interface",
          "mode": "axis",
          "register_option": "0",
          "register_mode": "both",
          "argName": "B"
        }]
    }
  },
  "RtlPorts": {
    "s_axi_control_AWVALID": {
      "dir": "in",
      "width": "1"
    },
    "s_axi_control_AWREADY": {
      "dir": "out",
      "width": "1"
    },
    "s_axi_control_AWADDR": {
      "dir": "in",
      "width": "4"
    },
    "s_axi_control_WVALID": {
      "dir": "in",
      "width": "1"
    },
    "s_axi_control_WREADY": {
      "dir": "out",
      "width": "1"
    },
    "s_axi_control_WDATA": {
      "dir": "in",
      "width": "32"
    },
    "s_axi_control_WSTRB": {
      "dir": "in",
      "width": "4"
    },
    "s_axi_control_ARVALID": {
      "dir": "in",
      "width": "1"
    },
    "s_axi_control_ARREADY": {
      "dir": "out",
      "width": "1"
    },
    "s_axi_control_ARADDR": {
      "dir": "in",
      "width": "4"
    },
    "s_axi_control_RVALID": {
      "dir": "out",
      "width": "1"
    },
    "s_axi_control_RREADY": {
      "dir": "in",
      "width": "1"
    },
    "s_axi_control_RDATA": {
      "dir": "out",
      "width": "32"
    },
    "s_axi_control_RRESP": {
      "dir": "out",
      "width": "2"
    },
    "s_axi_control_BVALID": {
      "dir": "out",
      "width": "1"
    },
    "s_axi_control_BREADY": {
      "dir": "in",
      "width": "1"
    },
    "s_axi_control_BRESP": {
      "dir": "out",
      "width": "2"
    },
    "ap_clk": {
      "dir": "in",
      "width": "1"
    },
    "ap_rst_n": {
      "dir": "in",
      "width": "1"
    },
    "interrupt": {
      "dir": "out",
      "width": "1"
    },
    "A_TVALID": {
      "dir": "in",
      "width": "1"
    },
    "A_TREADY": {
      "dir": "out",
      "width": "1"
    },
    "A_TDEST": {
      "dir": "in",
      "width": "6"
    },
    "B_TREADY": {
      "dir": "in",
      "width": "1"
    },
    "B_TVALID": {
      "dir": "out",
      "width": "1"
    },
    "B_TDEST": {
      "dir": "out",
      "width": "6"
    },
    "A_TDATA": {
      "dir": "in",
      "width": "32"
    },
    "A_TKEEP": {
      "dir": "in",
      "width": "4"
    },
    "A_TSTRB": {
      "dir": "in",
      "width": "4"
    },
    "A_TUSER": {
      "dir": "in",
      "width": "2"
    },
    "A_TLAST": {
      "dir": "in",
      "width": "1",
      "isVector": "true"
    },
    "A_TID": {
      "dir": "in",
      "width": "5"
    },
    "B_TDATA": {
      "dir": "out",
      "width": "32"
    },
    "B_TKEEP": {
      "dir": "out",
      "width": "4"
    },
    "B_TSTRB": {
      "dir": "out",
      "width": "4"
    },
    "B_TUSER": {
      "dir": "out",
      "width": "2"
    },
    "B_TLAST": {
      "dir": "out",
      "width": "1",
      "isVector": "true"
    },
    "B_TID": {
      "dir": "out",
      "width": "5"
    }
  },
  "ModuleInfo": {
    "Hierarchy": {"ModuleName": "edit_image_array"},
    "Info": {"edit_image_array": {
        "FunctionProtocol": "ap_ctrl_hs",
        "isTaskLevelControl": "0",
        "isPipelined": "0",
        "isCombinational": "0",
        "isOneStateSeq": "0"
      }},
    "Metrics": {"edit_image_array": {
        "Latency": {
          "LatencyBest": "",
          "LatencyAvg": "",
          "LatencyWorst": "",
          "PipelineII": "",
          "PipelineDepth": "",
          "PipelineType": "no"
        },
        "Timing": {
          "Target": "10.00",
          "Uncertainty": "2.70",
          "Estimate": "3.016"
        },
        "Loops": [{
            "Name": "VITIS_LOOP_29_1",
            "TripCount": "",
            "Latency": "",
            "PipelineII": "1",
            "PipelineDepth": "2"
          }],
        "Area": {
          "BRAM_18K": "0",
          "AVAIL_BRAM": "288",
          "UTIL_BRAM": "0",
          "FF": "40",
          "AVAIL_FF": "234240",
          "UTIL_FF": "~0",
          "LUT": "127",
          "AVAIL_LUT": "117120",
          "UTIL_LUT": "~0",
          "URAM": "0",
          "AVAIL_URAM": "64",
          "UTIL_URAM": "0",
          "DSP": "0",
          "AVAIL_DSP": "1248",
          "UTIL_DSP": "0"
        }
      }}
  },
  "GenerateBdFiles": "0",
  "GenData": {
    "DataVersion": "0.2",
    "Time": "2024-06-20 21:26:52 +0700",
    "ToolName": "vitis_hls",
    "ToolVersion": "2023.2"
  }
}
