<stg><name>edit_image_array</name>


<trans_list>

<trans id="47" from="1" to="2">
<condition id="-1">
<or_exp><and_exp></and_exp></or_exp>
</condition>
</trans>
</trans_list>



<state_list>

<state id="1" st_id="2">

<operation id="5" st_id="1" stage="1" lat="1">
<core>NULL</core>
<MemPortIdVec></MemPortIdVec>
<condition id="-1">
<or_exp><and_exp></and_exp></or_exp>
</condition>

<Node id="15" bw="0" op_0_bw="0" op_1_bw="0">
<![CDATA[
entry:0 %spectopmodule_ln21 = spectopmodule void @_ssdm_op_SpecTopModule, void @empty_6

]]></Node>
<StgValue><ssdm name="spectopmodule_ln21"/></StgValue>
</operation>

<operation id="6" st_id="1" stage="1" lat="1">
<core>NULL</core>
<MemPortIdVec></MemPortIdVec>
<condition id="-1">
<or_exp><and_exp></and_exp></or_exp>
</condition>

<Node id="16" bw="0" op_0_bw="0" op_1_bw="32" op_2_bw="4" op_3_bw="4" op_4_bw="2" op_5_bw="1" op_6_bw="5" op_7_bw="6" op_8_bw="0" op_9_bw="32" op_10_bw="32" op_11_bw="0" op_12_bw="32" op_13_bw="32" op_14_bw="0" op_15_bw="0" op_16_bw="0" op_17_bw="32" op_18_bw="32" op_19_bw="32" op_20_bw="32" op_21_bw="0" op_22_bw="0" op_23_bw="32" op_24_bw="32">
<![CDATA[
entry:1 %specinterface_ln0 = specinterface void @_ssdm_op_SpecInterface, i32 %A_V_data_V, i4 %A_V_keep_V, i4 %A_V_strb_V, i2 %A_V_user_V, i1 %A_V_last_V, i5 %A_V_id_V, i6 %A_V_dest_V, void @empty, i32 1, i32 1, void @empty_0, i32 0, i32 0, void @empty_1, void @empty_1, void @empty_1, i32 0, i32 0, i32 0, i32 0, void @empty_1, void @empty_1, i32 4294967295, i32 0

]]></Node>
<StgValue><ssdm name="specinterface_ln0"/></StgValue>
</operation>

<operation id="7" st_id="1" stage="1" lat="1">
<core>NULL</core>
<MemPortIdVec></MemPortIdVec>
<condition id="-1">
<or_exp><and_exp></and_exp></or_exp>
</condition>

<Node id="17" bw="0" op_0_bw="0" op_1_bw="32">
<![CDATA[
entry:2 %specbitsmap_ln0 = specbitsmap void @_ssdm_op_SpecBitsMap, i32 %A_V_data_V

]]></Node>
<StgValue><ssdm name="specbitsmap_ln0"/></StgValue>
</operation>

<operation id="8" st_id="1" stage="1" lat="1">
<core>NULL</core>
<MemPortIdVec></MemPortIdVec>
<condition id="-1">
<or_exp><and_exp></and_exp></or_exp>
</condition>

<Node id="18" bw="0" op_0_bw="0" op_1_bw="4">
<![CDATA[
entry:3 %specbitsmap_ln0 = specbitsmap void @_ssdm_op_SpecBitsMap, i4 %A_V_keep_V

]]></Node>
<StgValue><ssdm name="specbitsmap_ln0"/></StgValue>
</operation>

<operation id="9" st_id="1" stage="1" lat="1">
<core>NULL</core>
<MemPortIdVec></MemPortIdVec>
<condition id="-1">
<or_exp><and_exp></and_exp></or_exp>
</condition>

<Node id="19" bw="0" op_0_bw="0" op_1_bw="4">
<![CDATA[
entry:4 %specbitsmap_ln0 = specbitsmap void @_ssdm_op_SpecBitsMap, i4 %A_V_strb_V

]]></Node>
<StgValue><ssdm name="specbitsmap_ln0"/></StgValue>
</operation>

<operation id="10" st_id="1" stage="1" lat="1">
<core>NULL</core>
<MemPortIdVec></MemPortIdVec>
<condition id="-1">
<or_exp><and_exp></and_exp></or_exp>
</condition>

<Node id="20" bw="0" op_0_bw="0" op_1_bw="2">
<![CDATA[
entry:5 %specbitsmap_ln0 = specbitsmap void @_ssdm_op_SpecBitsMap, i2 %A_V_user_V

]]></Node>
<StgValue><ssdm name="specbitsmap_ln0"/></StgValue>
</operation>

<operation id="11" st_id="1" stage="1" lat="1">
<core>NULL</core>
<MemPortIdVec></MemPortIdVec>
<condition id="-1">
<or_exp><and_exp></and_exp></or_exp>
</condition>

<Node id="21" bw="0" op_0_bw="0" op_1_bw="1">
<![CDATA[
entry:6 %specbitsmap_ln0 = specbitsmap void @_ssdm_op_SpecBitsMap, i1 %A_V_last_V

]]></Node>
<StgValue><ssdm name="specbitsmap_ln0"/></StgValue>
</operation>

<operation id="12" st_id="1" stage="1" lat="1">
<core>NULL</core>
<MemPortIdVec></MemPortIdVec>
<condition id="-1">
<or_exp><and_exp></and_exp></or_exp>
</condition>

<Node id="22" bw="0" op_0_bw="0" op_1_bw="5">
<![CDATA[
entry:7 %specbitsmap_ln0 = specbitsmap void @_ssdm_op_SpecBitsMap, i5 %A_V_id_V

]]></Node>
<StgValue><ssdm name="specbitsmap_ln0"/></StgValue>
</operation>

<operation id="13" st_id="1" stage="1" lat="1">
<core>NULL</core>
<MemPortIdVec></MemPortIdVec>
<condition id="-1">
<or_exp><and_exp></and_exp></or_exp>
</condition>

<Node id="23" bw="0" op_0_bw="0" op_1_bw="6">
<![CDATA[
entry:8 %specbitsmap_ln0 = specbitsmap void @_ssdm_op_SpecBitsMap, i6 %A_V_dest_V

]]></Node>
<StgValue><ssdm name="specbitsmap_ln0"/></StgValue>
</operation>

<operation id="14" st_id="1" stage="1" lat="1">
<core>NULL</core>
<MemPortIdVec></MemPortIdVec>
<condition id="-1">
<or_exp><and_exp></and_exp></or_exp>
</condition>

<Node id="24" bw="0" op_0_bw="0" op_1_bw="32" op_2_bw="4" op_3_bw="4" op_4_bw="2" op_5_bw="1" op_6_bw="5" op_7_bw="6" op_8_bw="0" op_9_bw="32" op_10_bw="32" op_11_bw="0" op_12_bw="32" op_13_bw="32" op_14_bw="0" op_15_bw="0" op_16_bw="0" op_17_bw="32" op_18_bw="32" op_19_bw="32" op_20_bw="32" op_21_bw="0" op_22_bw="0" op_23_bw="32" op_24_bw="32">
<![CDATA[
entry:9 %specinterface_ln0 = specinterface void @_ssdm_op_SpecInterface, i32 %B_V_data_V, i4 %B_V_keep_V, i4 %B_V_strb_V, i2 %B_V_user_V, i1 %B_V_last_V, i5 %B_V_id_V, i6 %B_V_dest_V, void @empty, i32 1, i32 1, void @empty_0, i32 0, i32 0, void @empty_1, void @empty_1, void @empty_1, i32 0, i32 0, i32 0, i32 0, void @empty_1, void @empty_1, i32 4294967295, i32 0

]]></Node>
<StgValue><ssdm name="specinterface_ln0"/></StgValue>
</operation>

<operation id="15" st_id="1" stage="1" lat="1">
<core>NULL</core>
<MemPortIdVec></MemPortIdVec>
<condition id="-1">
<or_exp><and_exp></and_exp></or_exp>
</condition>

<Node id="25" bw="0" op_0_bw="0" op_1_bw="32">
<![CDATA[
entry:10 %specbitsmap_ln0 = specbitsmap void @_ssdm_op_SpecBitsMap, i32 %B_V_data_V

]]></Node>
<StgValue><ssdm name="specbitsmap_ln0"/></StgValue>
</operation>

<operation id="16" st_id="1" stage="1" lat="1">
<core>NULL</core>
<MemPortIdVec></MemPortIdVec>
<condition id="-1">
<or_exp><and_exp></and_exp></or_exp>
</condition>

<Node id="26" bw="0" op_0_bw="0" op_1_bw="4">
<![CDATA[
entry:11 %specbitsmap_ln0 = specbitsmap void @_ssdm_op_SpecBitsMap, i4 %B_V_keep_V

]]></Node>
<StgValue><ssdm name="specbitsmap_ln0"/></StgValue>
</operation>

<operation id="17" st_id="1" stage="1" lat="1">
<core>NULL</core>
<MemPortIdVec></MemPortIdVec>
<condition id="-1">
<or_exp><and_exp></and_exp></or_exp>
</condition>

<Node id="27" bw="0" op_0_bw="0" op_1_bw="4">
<![CDATA[
entry:12 %specbitsmap_ln0 = specbitsmap void @_ssdm_op_SpecBitsMap, i4 %B_V_strb_V

]]></Node>
<StgValue><ssdm name="specbitsmap_ln0"/></StgValue>
</operation>

<operation id="18" st_id="1" stage="1" lat="1">
<core>NULL</core>
<MemPortIdVec></MemPortIdVec>
<condition id="-1">
<or_exp><and_exp></and_exp></or_exp>
</condition>

<Node id="28" bw="0" op_0_bw="0" op_1_bw="2">
<![CDATA[
entry:13 %specbitsmap_ln0 = specbitsmap void @_ssdm_op_SpecBitsMap, i2 %B_V_user_V

]]></Node>
<StgValue><ssdm name="specbitsmap_ln0"/></StgValue>
</operation>

<operation id="19" st_id="1" stage="1" lat="1">
<core>NULL</core>
<MemPortIdVec></MemPortIdVec>
<condition id="-1">
<or_exp><and_exp></and_exp></or_exp>
</condition>

<Node id="29" bw="0" op_0_bw="0" op_1_bw="1">
<![CDATA[
entry:14 %specbitsmap_ln0 = specbitsmap void @_ssdm_op_SpecBitsMap, i1 %B_V_last_V

]]></Node>
<StgValue><ssdm name="specbitsmap_ln0"/></StgValue>
</operation>

<operation id="20" st_id="1" stage="1" lat="1">
<core>NULL</core>
<MemPortIdVec></MemPortIdVec>
<condition id="-1">
<or_exp><and_exp></and_exp></or_exp>
</condition>

<Node id="30" bw="0" op_0_bw="0" op_1_bw="5">
<![CDATA[
entry:15 %specbitsmap_ln0 = specbitsmap void @_ssdm_op_SpecBitsMap, i5 %B_V_id_V

]]></Node>
<StgValue><ssdm name="specbitsmap_ln0"/></StgValue>
</operation>

<operation id="21" st_id="1" stage="1" lat="1">
<core>NULL</core>
<MemPortIdVec></MemPortIdVec>
<condition id="-1">
<or_exp><and_exp></and_exp></or_exp>
</condition>

<Node id="31" bw="0" op_0_bw="0" op_1_bw="6">
<![CDATA[
entry:16 %specbitsmap_ln0 = specbitsmap void @_ssdm_op_SpecBitsMap, i6 %B_V_dest_V

]]></Node>
<StgValue><ssdm name="specbitsmap_ln0"/></StgValue>
</operation>

<operation id="22" st_id="1" stage="1" lat="1">
<core>NULL</core>
<MemPortIdVec></MemPortIdVec>
<condition id="-1">
<or_exp><and_exp></and_exp></or_exp>
</condition>

<Node id="32" bw="0" op_0_bw="0" op_1_bw="32" op_2_bw="0" op_3_bw="32" op_4_bw="32" op_5_bw="0" op_6_bw="32" op_7_bw="32" op_8_bw="0" op_9_bw="0" op_10_bw="0" op_11_bw="32" op_12_bw="32" op_13_bw="32" op_14_bw="32" op_15_bw="0" op_16_bw="0" op_17_bw="32" op_18_bw="32">
<![CDATA[
entry:17 %specinterface_ln0 = specinterface void @_ssdm_op_SpecInterface, i32 0, void @empty_2, i32 0, i32 0, void @empty_1, i32 0, i32 0, void @empty_3, void @empty_1, void @empty_1, i32 0, i32 0, i32 0, i32 0, void @empty_1, void @empty_1, i32 4294967295, i32 0

]]></Node>
<StgValue><ssdm name="specinterface_ln0"/></StgValue>
</operation>

<operation id="23" st_id="1" stage="1" lat="1">
<core>NULL</core>
<MemPortIdVec></MemPortIdVec>
<condition id="-1">
<or_exp><and_exp></and_exp></or_exp>
</condition>

<Node id="33" bw="0" op_0_bw="0" op_1_bw="32" op_2_bw="4" op_3_bw="4" op_4_bw="2" op_5_bw="1" op_6_bw="5" op_7_bw="6" op_8_bw="0">
<![CDATA[
entry:18 %specaxissidechannel_ln29 = specaxissidechannel void @_ssdm_op_SpecAXISSideChannel, i32 %B_V_data_V, i4 %B_V_keep_V, i4 %B_V_strb_V, i2 %B_V_user_V, i1 %B_V_last_V, i5 %B_V_id_V, i6 %B_V_dest_V, void @empty_4

]]></Node>
<StgValue><ssdm name="specaxissidechannel_ln29"/></StgValue>
</operation>

<operation id="24" st_id="1" stage="1" lat="1">
<core>NULL</core>
<MemPortIdVec></MemPortIdVec>
<condition id="-1">
<or_exp><and_exp></and_exp></or_exp>
</condition>

<Node id="34" bw="0" op_0_bw="0" op_1_bw="32" op_2_bw="4" op_3_bw="4" op_4_bw="2" op_5_bw="1" op_6_bw="5" op_7_bw="6" op_8_bw="0">
<![CDATA[
entry:19 %specaxissidechannel_ln29 = specaxissidechannel void @_ssdm_op_SpecAXISSideChannel, i32 %A_V_data_V, i4 %A_V_keep_V, i4 %A_V_strb_V, i2 %A_V_user_V, i1 %A_V_last_V, i5 %A_V_id_V, i6 %A_V_dest_V, void @empty_5

]]></Node>
<StgValue><ssdm name="specaxissidechannel_ln29"/></StgValue>
</operation>

<operation id="25" st_id="1" stage="1" lat="1">
<core>NULL</core>
<MemPortIdVec></MemPortIdVec>
<condition id="-1">
<or_exp><and_exp></and_exp></or_exp>
</condition>

<Node id="35" bw="0" op_0_bw="0">
<![CDATA[
entry:20 %br_ln29 = br void %while.body

]]></Node>
<StgValue><ssdm name="br_ln29"/></StgValue>
</operation>

<operation id="26" st_id="1" stage="1" lat="1">
<core>axis</core>
<MemPortIdVec></MemPortIdVec>
<condition id="-1">
<or_exp><and_exp></and_exp></or_exp>
</condition>

<Node id="37" bw="54" op_0_bw="54" op_1_bw="32" op_2_bw="4" op_3_bw="4" op_4_bw="2" op_5_bw="1" op_6_bw="5" op_7_bw="6">
<![CDATA[
while.body:0 %empty = read i54 @_ssdm_op_Read.axis.volatile.i32P0A.i4P0A.i4P0A.i2P0A.i1P0A.i5P0A.i6P0A, i32 %A_V_data_V, i4 %A_V_keep_V, i4 %A_V_strb_V, i2 %A_V_user_V, i1 %A_V_last_V, i5 %A_V_id_V, i6 %A_V_dest_V

]]></Node>
<StgValue><ssdm name="empty"/></StgValue>
</operation>

<operation id="27" st_id="1" stage="1" lat="1">
<core>NULL</core>
<MemPortIdVec></MemPortIdVec>
<condition id="-1">
<or_exp><and_exp></and_exp></or_exp>
</condition>

<Node id="38" bw="32" op_0_bw="54">
<![CDATA[
while.body:1 %tmp_data = extractvalue i54 %empty

]]></Node>
<StgValue><ssdm name="tmp_data"/></StgValue>
</operation>

<operation id="28" st_id="1" stage="1" lat="1">
<core>NULL</core>
<MemPortIdVec></MemPortIdVec>
<condition id="-1">
<or_exp><and_exp></and_exp></or_exp>
</condition>

<Node id="39" bw="4" op_0_bw="54">
<![CDATA[
while.body:2 %tmp_keep = extractvalue i54 %empty

]]></Node>
<StgValue><ssdm name="tmp_keep"/></StgValue>
</operation>

<operation id="29" st_id="1" stage="1" lat="1">
<core>NULL</core>
<MemPortIdVec></MemPortIdVec>
<condition id="-1">
<or_exp><and_exp></and_exp></or_exp>
</condition>

<Node id="40" bw="4" op_0_bw="54">
<![CDATA[
while.body:3 %tmp_strb = extractvalue i54 %empty

]]></Node>
<StgValue><ssdm name="tmp_strb"/></StgValue>
</operation>

<operation id="30" st_id="1" stage="1" lat="1">
<core>NULL</core>
<MemPortIdVec></MemPortIdVec>
<condition id="-1">
<or_exp><and_exp></and_exp></or_exp>
</condition>

<Node id="41" bw="2" op_0_bw="54">
<![CDATA[
while.body:4 %tmp_user = extractvalue i54 %empty

]]></Node>
<StgValue><ssdm name="tmp_user"/></StgValue>
</operation>

<operation id="31" st_id="1" stage="1" lat="1">
<core>NULL</core>
<MemPortIdVec></MemPortIdVec>
<condition id="-1">
<or_exp><and_exp></and_exp></or_exp>
</condition>

<Node id="42" bw="1" op_0_bw="54">
<![CDATA[
while.body:5 %tmp_last = extractvalue i54 %empty

]]></Node>
<StgValue><ssdm name="tmp_last"/></StgValue>
</operation>

<operation id="32" st_id="1" stage="1" lat="1">
<core>NULL</core>
<MemPortIdVec></MemPortIdVec>
<condition id="-1">
<or_exp><and_exp></and_exp></or_exp>
</condition>

<Node id="43" bw="5" op_0_bw="54">
<![CDATA[
while.body:6 %tmp_id = extractvalue i54 %empty

]]></Node>
<StgValue><ssdm name="tmp_id"/></StgValue>
</operation>

<operation id="33" st_id="1" stage="1" lat="1">
<core>NULL</core>
<MemPortIdVec></MemPortIdVec>
<condition id="-1">
<or_exp><and_exp></and_exp></or_exp>
</condition>

<Node id="44" bw="6" op_0_bw="54">
<![CDATA[
while.body:7 %tmp_dest = extractvalue i54 %empty

]]></Node>
<StgValue><ssdm name="tmp_dest"/></StgValue>
</operation>

<operation id="34" st_id="1" stage="1" lat="1">
<core>Adder</core>
<MemPortIdVec></MemPortIdVec>
<condition id="-1">
<or_exp><and_exp></and_exp></or_exp>
</condition>

<Node id="45" bw="32" op_0_bw="32" op_1_bw="32">
<![CDATA[
while.body:8 %tmp_data_1 = add i32 %tmp_data, i32 5

]]></Node>
<StgValue><ssdm name="tmp_data_1"/></StgValue>
</operation>

<operation id="35" st_id="1" stage="2" lat="2">
<core>axis</core>
<MemPortIdVec></MemPortIdVec>
<condition id="-1">
<or_exp><and_exp></and_exp></or_exp>
</condition>

<Node id="46" bw="0" op_0_bw="0" op_1_bw="32" op_2_bw="4" op_3_bw="4" op_4_bw="2" op_5_bw="1" op_6_bw="5" op_7_bw="6" op_8_bw="32" op_9_bw="4" op_10_bw="4" op_11_bw="2" op_12_bw="1" op_13_bw="5" op_14_bw="6">
<![CDATA[
while.body:9 %write_ln33 = write void @_ssdm_op_Write.axis.volatile.i32P0A.i4P0A.i4P0A.i2P0A.i1P0A.i5P0A.i6P0A, i32 %B_V_data_V, i4 %B_V_keep_V, i4 %B_V_strb_V, i2 %B_V_user_V, i1 %B_V_last_V, i5 %B_V_id_V, i6 %B_V_dest_V, i32 %tmp_data_1, i4 %tmp_keep, i4 %tmp_strb, i2 %tmp_user, i1 %tmp_last, i5 %tmp_id, i6 %tmp_dest

]]></Node>
<StgValue><ssdm name="write_ln33"/></StgValue>
</operation>

<operation id="36" st_id="1" stage="1" lat="1">
<core>NULL</core>
<MemPortIdVec></MemPortIdVec>
<condition id="-1">
<or_exp><and_exp></and_exp></or_exp>
</condition>

<Node id="47" bw="0" op_0_bw="1" op_1_bw="0" op_2_bw="0">
<![CDATA[
while.body:10 %br_ln34 = br i1 %tmp_last, void %if.end, void %while.end

]]></Node>
<StgValue><ssdm name="br_ln34"/></StgValue>
</operation>

<operation id="37" st_id="1" stage="1" lat="1">
<core>NULL</core>
<MemPortIdVec></MemPortIdVec>
<condition id="-1">
<or_exp><and_exp><literal name="tmp_last" val="0"/>
</and_exp></or_exp>
</condition>

<Node id="49" bw="0" op_0_bw="0" op_1_bw="32" op_2_bw="32" op_3_bw="32" op_4_bw="32" op_5_bw="0">
<![CDATA[
if.end:0 %specpipeline_ln29 = specpipeline void @_ssdm_op_SpecPipeline, i32 4294967295, i32 0, i32 0, i32 0, void @empty_1

]]></Node>
<StgValue><ssdm name="specpipeline_ln29"/></StgValue>
</operation>

<operation id="38" st_id="1" stage="1" lat="1">
<core>NULL</core>
<MemPortIdVec></MemPortIdVec>
<condition id="-1">
<or_exp><and_exp><literal name="tmp_last" val="0"/>
</and_exp></or_exp>
</condition>

<Node id="50" bw="0" op_0_bw="0" op_1_bw="0">
<![CDATA[
if.end:1 %specloopname_ln29 = specloopname void @_ssdm_op_SpecLoopName, void @empty_7

]]></Node>
<StgValue><ssdm name="specloopname_ln29"/></StgValue>
</operation>

<operation id="39" st_id="1" stage="1" lat="1">
<core>NULL</core>
<MemPortIdVec></MemPortIdVec>
<condition id="-1">
<or_exp><and_exp><literal name="tmp_last" val="0"/>
</and_exp></or_exp>
</condition>

<Node id="51" bw="0" op_0_bw="0">
<![CDATA[
if.end:2 %br_ln29 = br void %while.body

]]></Node>
<StgValue><ssdm name="br_ln29"/></StgValue>
</operation>
</state>

<state id="2" st_id="3">

<operation id="40" st_id="2" stage="1" lat="2">
<core>axis</core>
<MemPortIdVec></MemPortIdVec>
<condition id="-1">
<or_exp><and_exp></and_exp></or_exp>
</condition>

<Node id="46" bw="0" op_0_bw="0" op_1_bw="32" op_2_bw="4" op_3_bw="4" op_4_bw="2" op_5_bw="1" op_6_bw="5" op_7_bw="6" op_8_bw="32" op_9_bw="4" op_10_bw="4" op_11_bw="2" op_12_bw="1" op_13_bw="5" op_14_bw="6">
<![CDATA[
while.body:9 %write_ln33 = write void @_ssdm_op_Write.axis.volatile.i32P0A.i4P0A.i4P0A.i2P0A.i1P0A.i5P0A.i6P0A, i32 %B_V_data_V, i4 %B_V_keep_V, i4 %B_V_strb_V, i2 %B_V_user_V, i1 %B_V_last_V, i5 %B_V_id_V, i6 %B_V_dest_V, i32 %tmp_data_1, i4 %tmp_keep, i4 %tmp_strb, i2 %tmp_user, i1 %tmp_last, i5 %tmp_id, i6 %tmp_dest

]]></Node>
<StgValue><ssdm name="write_ln33"/></StgValue>
</operation>

<operation id="41" st_id="2" stage="1" lat="1">
<core>NULL</core>
<MemPortIdVec></MemPortIdVec>
<condition id="-1">
<or_exp><and_exp><literal name="tmp_last" val="1"/>
</and_exp></or_exp>
</condition>

<Node id="53" bw="0">
<![CDATA[
while.end:0 %ret_ln41 = ret

]]></Node>
<StgValue><ssdm name="ret_ln41"/></StgValue>
</operation>
</state>
</state_list>


<ports>
<port id="50" name="A_V_data_V" dir="0" iftype="0">
<core>NULL</core><StgValue><ssdm name="A_V_data_V"/></StgValue>
</port>
<port id="51" name="A_V_keep_V" dir="0" iftype="0">
<core>NULL</core><StgValue><ssdm name="A_V_keep_V"/></StgValue>
</port>
<port id="52" name="A_V_strb_V" dir="0" iftype="0">
<core>NULL</core><StgValue><ssdm name="A_V_strb_V"/></StgValue>
</port>
<port id="53" name="A_V_user_V" dir="0" iftype="0">
<core>NULL</core><StgValue><ssdm name="A_V_user_V"/></StgValue>
</port>
<port id="54" name="A_V_last_V" dir="0" iftype="0">
<core>NULL</core><StgValue><ssdm name="A_V_last_V"/></StgValue>
</port>
<port id="55" name="A_V_id_V" dir="0" iftype="0">
<core>NULL</core><StgValue><ssdm name="A_V_id_V"/></StgValue>
</port>
<port id="56" name="A_V_dest_V" dir="0" iftype="0">
<core>NULL</core><StgValue><ssdm name="A_V_dest_V"/></StgValue>
</port>
<port id="57" name="B_V_data_V" dir="1" iftype="0">
<core>NULL</core><StgValue><ssdm name="B_V_data_V"/></StgValue>
</port>
<port id="58" name="B_V_keep_V" dir="1" iftype="0">
<core>NULL</core><StgValue><ssdm name="B_V_keep_V"/></StgValue>
</port>
<port id="59" name="B_V_strb_V" dir="1" iftype="0">
<core>NULL</core><StgValue><ssdm name="B_V_strb_V"/></StgValue>
</port>
<port id="60" name="B_V_user_V" dir="1" iftype="0">
<core>NULL</core><StgValue><ssdm name="B_V_user_V"/></StgValue>
</port>
<port id="61" name="B_V_last_V" dir="1" iftype="0">
<core>NULL</core><StgValue><ssdm name="B_V_last_V"/></StgValue>
</port>
<port id="62" name="B_V_id_V" dir="1" iftype="0">
<core>NULL</core><StgValue><ssdm name="B_V_id_V"/></StgValue>
</port>
<port id="63" name="B_V_dest_V" dir="1" iftype="0">
<core>NULL</core><StgValue><ssdm name="B_V_dest_V"/></StgValue>
</port>
</ports>


<dataflows>
<dataflow id="65" from="_ssdm_op_SpecTopModule" to="spectopmodule_ln21" fromId="64" toId="5">
</dataflow>
<dataflow id="67" from="empty_6" to="spectopmodule_ln21" fromId="66" toId="5">
</dataflow>
<dataflow id="69" from="_ssdm_op_SpecInterface" to="specinterface_ln0" fromId="68" toId="6">
</dataflow>
<dataflow id="70" from="A_V_data_V" to="specinterface_ln0" fromId="50" toId="6">
</dataflow>
<dataflow id="71" from="A_V_keep_V" to="specinterface_ln0" fromId="51" toId="6">
</dataflow>
<dataflow id="72" from="A_V_strb_V" to="specinterface_ln0" fromId="52" toId="6">
</dataflow>
<dataflow id="73" from="A_V_user_V" to="specinterface_ln0" fromId="53" toId="6">
</dataflow>
<dataflow id="74" from="A_V_last_V" to="specinterface_ln0" fromId="54" toId="6">
</dataflow>
<dataflow id="75" from="A_V_id_V" to="specinterface_ln0" fromId="55" toId="6">
</dataflow>
<dataflow id="76" from="A_V_dest_V" to="specinterface_ln0" fromId="56" toId="6">
</dataflow>
<dataflow id="78" from="empty" to="specinterface_ln0" fromId="77" toId="6">
</dataflow>
<dataflow id="80" from="StgValue_79" to="specinterface_ln0" fromId="79" toId="6">
</dataflow>
<dataflow id="81" from="StgValue_79" to="specinterface_ln0" fromId="79" toId="6">
</dataflow>
<dataflow id="83" from="empty_0" to="specinterface_ln0" fromId="82" toId="6">
</dataflow>
<dataflow id="85" from="StgValue_84" to="specinterface_ln0" fromId="84" toId="6">
</dataflow>
<dataflow id="86" from="StgValue_84" to="specinterface_ln0" fromId="84" toId="6">
</dataflow>
<dataflow id="88" from="empty_1" to="specinterface_ln0" fromId="87" toId="6">
</dataflow>
<dataflow id="89" from="empty_1" to="specinterface_ln0" fromId="87" toId="6">
</dataflow>
<dataflow id="90" from="empty_1" to="specinterface_ln0" fromId="87" toId="6">
</dataflow>
<dataflow id="91" from="StgValue_84" to="specinterface_ln0" fromId="84" toId="6">
</dataflow>
<dataflow id="92" from="StgValue_84" to="specinterface_ln0" fromId="84" toId="6">
</dataflow>
<dataflow id="93" from="StgValue_84" to="specinterface_ln0" fromId="84" toId="6">
</dataflow>
<dataflow id="94" from="StgValue_84" to="specinterface_ln0" fromId="84" toId="6">
</dataflow>
<dataflow id="95" from="empty_1" to="specinterface_ln0" fromId="87" toId="6">
</dataflow>
<dataflow id="96" from="empty_1" to="specinterface_ln0" fromId="87" toId="6">
</dataflow>
<dataflow id="98" from="StgValue_97" to="specinterface_ln0" fromId="97" toId="6">
</dataflow>
<dataflow id="99" from="StgValue_84" to="specinterface_ln0" fromId="84" toId="6">
</dataflow>
<dataflow id="101" from="_ssdm_op_SpecBitsMap" to="specbitsmap_ln0" fromId="100" toId="7">
</dataflow>
<dataflow id="102" from="A_V_data_V" to="specbitsmap_ln0" fromId="50" toId="7">
</dataflow>
<dataflow id="103" from="_ssdm_op_SpecBitsMap" to="specbitsmap_ln0" fromId="100" toId="8">
</dataflow>
<dataflow id="104" from="A_V_keep_V" to="specbitsmap_ln0" fromId="51" toId="8">
</dataflow>
<dataflow id="105" from="_ssdm_op_SpecBitsMap" to="specbitsmap_ln0" fromId="100" toId="9">
</dataflow>
<dataflow id="106" from="A_V_strb_V" to="specbitsmap_ln0" fromId="52" toId="9">
</dataflow>
<dataflow id="107" from="_ssdm_op_SpecBitsMap" to="specbitsmap_ln0" fromId="100" toId="10">
</dataflow>
<dataflow id="108" from="A_V_user_V" to="specbitsmap_ln0" fromId="53" toId="10">
</dataflow>
<dataflow id="109" from="_ssdm_op_SpecBitsMap" to="specbitsmap_ln0" fromId="100" toId="11">
</dataflow>
<dataflow id="110" from="A_V_last_V" to="specbitsmap_ln0" fromId="54" toId="11">
</dataflow>
<dataflow id="111" from="_ssdm_op_SpecBitsMap" to="specbitsmap_ln0" fromId="100" toId="12">
</dataflow>
<dataflow id="112" from="A_V_id_V" to="specbitsmap_ln0" fromId="55" toId="12">
</dataflow>
<dataflow id="113" from="_ssdm_op_SpecBitsMap" to="specbitsmap_ln0" fromId="100" toId="13">
</dataflow>
<dataflow id="114" from="A_V_dest_V" to="specbitsmap_ln0" fromId="56" toId="13">
</dataflow>
<dataflow id="115" from="_ssdm_op_SpecInterface" to="specinterface_ln0" fromId="68" toId="14">
</dataflow>
<dataflow id="116" from="B_V_data_V" to="specinterface_ln0" fromId="57" toId="14">
</dataflow>
<dataflow id="117" from="B_V_keep_V" to="specinterface_ln0" fromId="58" toId="14">
</dataflow>
<dataflow id="118" from="B_V_strb_V" to="specinterface_ln0" fromId="59" toId="14">
</dataflow>
<dataflow id="119" from="B_V_user_V" to="specinterface_ln0" fromId="60" toId="14">
</dataflow>
<dataflow id="120" from="B_V_last_V" to="specinterface_ln0" fromId="61" toId="14">
</dataflow>
<dataflow id="121" from="B_V_id_V" to="specinterface_ln0" fromId="62" toId="14">
</dataflow>
<dataflow id="122" from="B_V_dest_V" to="specinterface_ln0" fromId="63" toId="14">
</dataflow>
<dataflow id="123" from="empty" to="specinterface_ln0" fromId="77" toId="14">
</dataflow>
<dataflow id="124" from="StgValue_79" to="specinterface_ln0" fromId="79" toId="14">
</dataflow>
<dataflow id="125" from="StgValue_79" to="specinterface_ln0" fromId="79" toId="14">
</dataflow>
<dataflow id="126" from="empty_0" to="specinterface_ln0" fromId="82" toId="14">
</dataflow>
<dataflow id="127" from="StgValue_84" to="specinterface_ln0" fromId="84" toId="14">
</dataflow>
<dataflow id="128" from="StgValue_84" to="specinterface_ln0" fromId="84" toId="14">
</dataflow>
<dataflow id="129" from="empty_1" to="specinterface_ln0" fromId="87" toId="14">
</dataflow>
<dataflow id="130" from="empty_1" to="specinterface_ln0" fromId="87" toId="14">
</dataflow>
<dataflow id="131" from="empty_1" to="specinterface_ln0" fromId="87" toId="14">
</dataflow>
<dataflow id="132" from="StgValue_84" to="specinterface_ln0" fromId="84" toId="14">
</dataflow>
<dataflow id="133" from="StgValue_84" to="specinterface_ln0" fromId="84" toId="14">
</dataflow>
<dataflow id="134" from="StgValue_84" to="specinterface_ln0" fromId="84" toId="14">
</dataflow>
<dataflow id="135" from="StgValue_84" to="specinterface_ln0" fromId="84" toId="14">
</dataflow>
<dataflow id="136" from="empty_1" to="specinterface_ln0" fromId="87" toId="14">
</dataflow>
<dataflow id="137" from="empty_1" to="specinterface_ln0" fromId="87" toId="14">
</dataflow>
<dataflow id="138" from="StgValue_97" to="specinterface_ln0" fromId="97" toId="14">
</dataflow>
<dataflow id="139" from="StgValue_84" to="specinterface_ln0" fromId="84" toId="14">
</dataflow>
<dataflow id="140" from="_ssdm_op_SpecBitsMap" to="specbitsmap_ln0" fromId="100" toId="15">
</dataflow>
<dataflow id="141" from="B_V_data_V" to="specbitsmap_ln0" fromId="57" toId="15">
</dataflow>
<dataflow id="142" from="_ssdm_op_SpecBitsMap" to="specbitsmap_ln0" fromId="100" toId="16">
</dataflow>
<dataflow id="143" from="B_V_keep_V" to="specbitsmap_ln0" fromId="58" toId="16">
</dataflow>
<dataflow id="144" from="_ssdm_op_SpecBitsMap" to="specbitsmap_ln0" fromId="100" toId="17">
</dataflow>
<dataflow id="145" from="B_V_strb_V" to="specbitsmap_ln0" fromId="59" toId="17">
</dataflow>
<dataflow id="146" from="_ssdm_op_SpecBitsMap" to="specbitsmap_ln0" fromId="100" toId="18">
</dataflow>
<dataflow id="147" from="B_V_user_V" to="specbitsmap_ln0" fromId="60" toId="18">
</dataflow>
<dataflow id="148" from="_ssdm_op_SpecBitsMap" to="specbitsmap_ln0" fromId="100" toId="19">
</dataflow>
<dataflow id="149" from="B_V_last_V" to="specbitsmap_ln0" fromId="61" toId="19">
</dataflow>
<dataflow id="150" from="_ssdm_op_SpecBitsMap" to="specbitsmap_ln0" fromId="100" toId="20">
</dataflow>
<dataflow id="151" from="B_V_id_V" to="specbitsmap_ln0" fromId="62" toId="20">
</dataflow>
<dataflow id="152" from="_ssdm_op_SpecBitsMap" to="specbitsmap_ln0" fromId="100" toId="21">
</dataflow>
<dataflow id="153" from="B_V_dest_V" to="specbitsmap_ln0" fromId="63" toId="21">
</dataflow>
<dataflow id="154" from="_ssdm_op_SpecInterface" to="specinterface_ln0" fromId="68" toId="22">
</dataflow>
<dataflow id="155" from="StgValue_84" to="specinterface_ln0" fromId="84" toId="22">
</dataflow>
<dataflow id="157" from="empty_2" to="specinterface_ln0" fromId="156" toId="22">
</dataflow>
<dataflow id="158" from="StgValue_84" to="specinterface_ln0" fromId="84" toId="22">
</dataflow>
<dataflow id="159" from="StgValue_84" to="specinterface_ln0" fromId="84" toId="22">
</dataflow>
<dataflow id="160" from="empty_1" to="specinterface_ln0" fromId="87" toId="22">
</dataflow>
<dataflow id="161" from="StgValue_84" to="specinterface_ln0" fromId="84" toId="22">
</dataflow>
<dataflow id="162" from="StgValue_84" to="specinterface_ln0" fromId="84" toId="22">
</dataflow>
<dataflow id="164" from="empty_3" to="specinterface_ln0" fromId="163" toId="22">
</dataflow>
<dataflow id="165" from="empty_1" to="specinterface_ln0" fromId="87" toId="22">
</dataflow>
<dataflow id="166" from="empty_1" to="specinterface_ln0" fromId="87" toId="22">
</dataflow>
<dataflow id="167" from="StgValue_84" to="specinterface_ln0" fromId="84" toId="22">
</dataflow>
<dataflow id="168" from="StgValue_84" to="specinterface_ln0" fromId="84" toId="22">
</dataflow>
<dataflow id="169" from="StgValue_84" to="specinterface_ln0" fromId="84" toId="22">
</dataflow>
<dataflow id="170" from="StgValue_84" to="specinterface_ln0" fromId="84" toId="22">
</dataflow>
<dataflow id="171" from="empty_1" to="specinterface_ln0" fromId="87" toId="22">
</dataflow>
<dataflow id="172" from="empty_1" to="specinterface_ln0" fromId="87" toId="22">
</dataflow>
<dataflow id="173" from="StgValue_97" to="specinterface_ln0" fromId="97" toId="22">
</dataflow>
<dataflow id="174" from="StgValue_84" to="specinterface_ln0" fromId="84" toId="22">
</dataflow>
<dataflow id="176" from="_ssdm_op_SpecAXISSideChannel" to="specaxissidechannel_ln29" fromId="175" toId="23">
</dataflow>
<dataflow id="177" from="B_V_data_V" to="specaxissidechannel_ln29" fromId="57" toId="23">
</dataflow>
<dataflow id="178" from="B_V_keep_V" to="specaxissidechannel_ln29" fromId="58" toId="23">
</dataflow>
<dataflow id="179" from="B_V_strb_V" to="specaxissidechannel_ln29" fromId="59" toId="23">
</dataflow>
<dataflow id="180" from="B_V_user_V" to="specaxissidechannel_ln29" fromId="60" toId="23">
</dataflow>
<dataflow id="181" from="B_V_last_V" to="specaxissidechannel_ln29" fromId="61" toId="23">
</dataflow>
<dataflow id="182" from="B_V_id_V" to="specaxissidechannel_ln29" fromId="62" toId="23">
</dataflow>
<dataflow id="183" from="B_V_dest_V" to="specaxissidechannel_ln29" fromId="63" toId="23">
</dataflow>
<dataflow id="185" from="empty_4" to="specaxissidechannel_ln29" fromId="184" toId="23">
</dataflow>
<dataflow id="186" from="_ssdm_op_SpecAXISSideChannel" to="specaxissidechannel_ln29" fromId="175" toId="24">
</dataflow>
<dataflow id="187" from="A_V_data_V" to="specaxissidechannel_ln29" fromId="50" toId="24">
</dataflow>
<dataflow id="188" from="A_V_keep_V" to="specaxissidechannel_ln29" fromId="51" toId="24">
</dataflow>
<dataflow id="189" from="A_V_strb_V" to="specaxissidechannel_ln29" fromId="52" toId="24">
</dataflow>
<dataflow id="190" from="A_V_user_V" to="specaxissidechannel_ln29" fromId="53" toId="24">
</dataflow>
<dataflow id="191" from="A_V_last_V" to="specaxissidechannel_ln29" fromId="54" toId="24">
</dataflow>
<dataflow id="192" from="A_V_id_V" to="specaxissidechannel_ln29" fromId="55" toId="24">
</dataflow>
<dataflow id="193" from="A_V_dest_V" to="specaxissidechannel_ln29" fromId="56" toId="24">
</dataflow>
<dataflow id="195" from="empty_5" to="specaxissidechannel_ln29" fromId="194" toId="24">
</dataflow>
<dataflow id="197" from="_ssdm_op_Read.axis.volatile.i32P0A.i4P0A.i4P0A.i2P0A.i1P0A.i5P0A.i6P0A" to="empty" fromId="196" toId="26">
</dataflow>
<dataflow id="198" from="A_V_data_V" to="empty" fromId="50" toId="26">
</dataflow>
<dataflow id="199" from="A_V_keep_V" to="empty" fromId="51" toId="26">
</dataflow>
<dataflow id="200" from="A_V_strb_V" to="empty" fromId="52" toId="26">
</dataflow>
<dataflow id="201" from="A_V_user_V" to="empty" fromId="53" toId="26">
</dataflow>
<dataflow id="202" from="A_V_last_V" to="empty" fromId="54" toId="26">
</dataflow>
<dataflow id="203" from="A_V_id_V" to="empty" fromId="55" toId="26">
</dataflow>
<dataflow id="204" from="A_V_dest_V" to="empty" fromId="56" toId="26">
</dataflow>
<dataflow id="205" from="empty" to="tmp_data" fromId="26" toId="27">
</dataflow>
<dataflow id="206" from="empty" to="tmp_keep" fromId="26" toId="28">
</dataflow>
<dataflow id="207" from="empty" to="tmp_strb" fromId="26" toId="29">
</dataflow>
<dataflow id="208" from="empty" to="tmp_user" fromId="26" toId="30">
</dataflow>
<dataflow id="209" from="empty" to="tmp_last" fromId="26" toId="31">
</dataflow>
<dataflow id="210" from="empty" to="tmp_id" fromId="26" toId="32">
</dataflow>
<dataflow id="211" from="empty" to="tmp_dest" fromId="26" toId="33">
</dataflow>
<dataflow id="212" from="tmp_data" to="tmp_data_1" fromId="27" toId="34">
</dataflow>
<dataflow id="214" from="StgValue_213" to="tmp_data_1" fromId="213" toId="34">
</dataflow>
<dataflow id="216" from="_ssdm_op_Write.axis.volatile.i32P0A.i4P0A.i4P0A.i2P0A.i1P0A.i5P0A.i6P0A" to="write_ln33" fromId="215" toId="35">
</dataflow>
<dataflow id="217" from="B_V_data_V" to="write_ln33" fromId="57" toId="35">
</dataflow>
<dataflow id="218" from="B_V_keep_V" to="write_ln33" fromId="58" toId="35">
</dataflow>
<dataflow id="219" from="B_V_strb_V" to="write_ln33" fromId="59" toId="35">
</dataflow>
<dataflow id="220" from="B_V_user_V" to="write_ln33" fromId="60" toId="35">
</dataflow>
<dataflow id="221" from="B_V_last_V" to="write_ln33" fromId="61" toId="35">
</dataflow>
<dataflow id="222" from="B_V_id_V" to="write_ln33" fromId="62" toId="35">
</dataflow>
<dataflow id="223" from="B_V_dest_V" to="write_ln33" fromId="63" toId="35">
</dataflow>
<dataflow id="224" from="tmp_data_1" to="write_ln33" fromId="34" toId="35">
</dataflow>
<dataflow id="225" from="tmp_keep" to="write_ln33" fromId="28" toId="35">
</dataflow>
<dataflow id="226" from="tmp_strb" to="write_ln33" fromId="29" toId="35">
</dataflow>
<dataflow id="227" from="tmp_user" to="write_ln33" fromId="30" toId="35">
</dataflow>
<dataflow id="228" from="tmp_last" to="write_ln33" fromId="31" toId="35">
</dataflow>
<dataflow id="229" from="tmp_id" to="write_ln33" fromId="32" toId="35">
</dataflow>
<dataflow id="230" from="tmp_dest" to="write_ln33" fromId="33" toId="35">
</dataflow>
<dataflow id="231" from="tmp_last" to="br_ln34" fromId="31" toId="36">
</dataflow>
<dataflow id="233" from="_ssdm_op_SpecPipeline" to="specpipeline_ln29" fromId="232" toId="37">
</dataflow>
<dataflow id="234" from="StgValue_97" to="specpipeline_ln29" fromId="97" toId="37">
</dataflow>
<dataflow id="235" from="StgValue_84" to="specpipeline_ln29" fromId="84" toId="37">
</dataflow>
<dataflow id="236" from="StgValue_84" to="specpipeline_ln29" fromId="84" toId="37">
</dataflow>
<dataflow id="237" from="StgValue_84" to="specpipeline_ln29" fromId="84" toId="37">
</dataflow>
<dataflow id="238" from="empty_1" to="specpipeline_ln29" fromId="87" toId="37">
</dataflow>
<dataflow id="240" from="_ssdm_op_SpecLoopName" to="specloopname_ln29" fromId="239" toId="38">
</dataflow>
<dataflow id="242" from="empty_7" to="specloopname_ln29" fromId="241" toId="38">
</dataflow>
<dataflow id="243" from="_ssdm_op_Write.axis.volatile.i32P0A.i4P0A.i4P0A.i2P0A.i1P0A.i5P0A.i6P0A" to="write_ln33" fromId="215" toId="40">
</dataflow>
<dataflow id="244" from="B_V_data_V" to="write_ln33" fromId="57" toId="40">
</dataflow>
<dataflow id="245" from="B_V_keep_V" to="write_ln33" fromId="58" toId="40">
</dataflow>
<dataflow id="246" from="B_V_strb_V" to="write_ln33" fromId="59" toId="40">
</dataflow>
<dataflow id="247" from="B_V_user_V" to="write_ln33" fromId="60" toId="40">
</dataflow>
<dataflow id="248" from="B_V_last_V" to="write_ln33" fromId="61" toId="40">
</dataflow>
<dataflow id="249" from="B_V_id_V" to="write_ln33" fromId="62" toId="40">
</dataflow>
<dataflow id="250" from="B_V_dest_V" to="write_ln33" fromId="63" toId="40">
</dataflow>
<dataflow id="251" from="tmp_data_1" to="write_ln33" fromId="34" toId="40">
</dataflow>
<dataflow id="252" from="tmp_keep" to="write_ln33" fromId="28" toId="40">
</dataflow>
<dataflow id="253" from="tmp_strb" to="write_ln33" fromId="29" toId="40">
</dataflow>
<dataflow id="254" from="tmp_user" to="write_ln33" fromId="30" toId="40">
</dataflow>
<dataflow id="255" from="tmp_last" to="write_ln33" fromId="31" toId="40">
</dataflow>
<dataflow id="256" from="tmp_id" to="write_ln33" fromId="32" toId="40">
</dataflow>
<dataflow id="257" from="tmp_dest" to="write_ln33" fromId="33" toId="40">
</dataflow>
<dataflow id="258" from="tmp_last" to="StgValue_2" fromId="31" toId="2">
</dataflow>
<dataflow id="259" from="tmp_last" to="StgValue_3" fromId="31" toId="3">
</dataflow>
</dataflows>


</stg>
