<profile>

<section name = "Vitis HLS Report for 'edit_image_array'" level="0">
<item name = "Date">Thu Jun 20 21:24:19 2024
</item>
<item name = "Version">2023.2 (Build 4023990 on Oct 11 2023)</item>
<item name = "Project">image_array_correction</item>
<item name = "Solution">solution1 (Vivado IP Flow Target)</item>
<item name = "Product family">zynquplus</item>
<item name = "Target device">xck26-sfvc784-2LV-c</item>
</section>

<section name = "Performance Estimates" level="0">
<item name = "Timing">
<section name = "" level="1">
<item name = "Summary"><table name="" hasTotal="0">
<keys size="4">Clock, Target, Estimated, Uncertainty</keys>
<column name="ap_clk">10.00 ns, 3.016 ns, 2.70 ns</column>
</table>
</item>
</section>
</item>
<item name = "Latency">
<section name = "" level="1">
<item name = "Summary"><table name="" hasTotal="0">
<keys size="8">, min, max, min, max, min, max, Type</keys>
<column name="">?, ?, ?, ?, ?, ?, no</column>
</table>
</item>
<item name = "Detail">
<section name = "" level="1">
<item name = "Instance"><table name="" hasTotal="0">
<keys size="9">Instance, Module, min, max, min, max, min, max, Type</keys>
</table>
</item>
<item name = "Loop"><table name="" hasTotal="0">
<keys size="8">Loop Name, min, max, Latency, achieved, target, Count, Pipelined</keys>
<column name="- VITIS_LOOP_29_1">?, ?, 2, 1, 1, ?, yes</column>
</table>
</item>
</section>
</item>
</section>
</item>
</section>

<section name = "Utilization Estimates" level="0">
<item name = "Summary"><table name="" hasTotal="1">
<keys size="6">Name, BRAM_18K, DSP, FF, LUT, URAM</keys>
<column name="DSP">-, -, -, -, -</column>
<column name="Expression">-, -, 0, 49, -</column>
<column name="FIFO">-, -, -, -, -</column>
<column name="Instance">0, -, 36, 40, 0</column>
<column name="Memory">-, -, -, -, -</column>
<column name="Multiplexer">-, -, -, 36, -</column>
<column name="Register">-, -, 4, -, -</column>
<specialColumn name="Available">288, 1248, 234240, 117120, 64</specialColumn>
<specialColumn name="Utilization (%)">0, 0, ~0, ~0, 0</specialColumn>
</table>
</item>
<item name = "Detail">
<section name = "" level="1">
<item name = "Instance"><table name="" hasTotal="1">
<keys size="7">Instance, Module, BRAM_18K, DSP, FF, LUT, URAM</keys>
<column name="control_s_axi_U">control_s_axi, 0, 0, 36, 40, 0</column>
</table>
</item>
<item name = "DSP"><table name="" hasTotal="0">
<keys size="3">Instance, Module, Expression</keys>
</table>
</item>
<item name = "Memory"><table name="" hasTotal="1">
<keys size="10">Memory, Module, BRAM_18K, FF, LUT, URAM, Words, Bits, Banks, W*Bits*Banks</keys>
</table>
</item>
<item name = "FIFO"><table name="" hasTotal="1">
<keys size="8">Name, BRAM_18K, FF, LUT, URAM, Depth, Bits, Size:D*B</keys>
</table>
</item>
<item name = "Expression"><table name="" hasTotal="1">
<keys size="7">Variable Name, Operation, DSP, FF, LUT, Bitwidth P0, Bitwidth P1</keys>
<column name="B_TDATA_int_regslice">+, 0, 0, 39, 32, 3</column>
<column name="ap_block_pp0_stage0_01001">or, 0, 0, 2, 1, 1</column>
<column name="ap_block_pp0_stage0_11001">or, 0, 0, 2, 1, 1</column>
<column name="ap_block_state1_pp0_stage0_iter0">or, 0, 0, 2, 1, 1</column>
<column name="ap_block_state2_pp0_stage0_iter1">or, 0, 0, 2, 1, 1</column>
<column name="ap_enable_pp0">xor, 0, 0, 2, 1, 2</column>
</table>
</item>
<item name = "Multiplexer"><table name="" hasTotal="1">
<keys size="5">Name, LUT, Input Size, Bits, Total Bits</keys>
<column name="A_TDATA_blk_n">9, 2, 1, 2</column>
<column name="B_TDATA_blk_n">9, 2, 1, 2</column>
<column name="ap_done_int">9, 2, 1, 2</column>
<column name="ap_loop_exit_ready_pp0_iter1_reg">9, 2, 1, 2</column>
</table>
</item>
<item name = "Register"><table name="" hasTotal="1">
<keys size="5">Name, FF, LUT, Bits, Const Bits</keys>
<column name="ap_CS_fsm">1, 0, 1, 0</column>
<column name="ap_done_reg">1, 0, 1, 0</column>
<column name="ap_enable_reg_pp0_iter1">1, 0, 1, 0</column>
<column name="ap_loop_exit_ready_pp0_iter1_reg">1, 0, 1, 0</column>
</table>
</item>
</section>
</item>
</section>

<section name = "Interface" level="0">
<item name = "Summary"><table name="" hasTotal="0">
<keys size="6">RTL Ports, Dir, Bits, Protocol, Source Object, C Type</keys>
<column name="s_axi_control_AWVALID">in, 1, s_axi, control, return void</column>
<column name="s_axi_control_AWREADY">out, 1, s_axi, control, return void</column>
<column name="s_axi_control_AWADDR">in, 4, s_axi, control, return void</column>
<column name="s_axi_control_WVALID">in, 1, s_axi, control, return void</column>
<column name="s_axi_control_WREADY">out, 1, s_axi, control, return void</column>
<column name="s_axi_control_WDATA">in, 32, s_axi, control, return void</column>
<column name="s_axi_control_WSTRB">in, 4, s_axi, control, return void</column>
<column name="s_axi_control_ARVALID">in, 1, s_axi, control, return void</column>
<column name="s_axi_control_ARREADY">out, 1, s_axi, control, return void</column>
<column name="s_axi_control_ARADDR">in, 4, s_axi, control, return void</column>
<column name="s_axi_control_RVALID">out, 1, s_axi, control, return void</column>
<column name="s_axi_control_RREADY">in, 1, s_axi, control, return void</column>
<column name="s_axi_control_RDATA">out, 32, s_axi, control, return void</column>
<column name="s_axi_control_RRESP">out, 2, s_axi, control, return void</column>
<column name="s_axi_control_BVALID">out, 1, s_axi, control, return void</column>
<column name="s_axi_control_BREADY">in, 1, s_axi, control, return void</column>
<column name="s_axi_control_BRESP">out, 2, s_axi, control, return void</column>
<column name="ap_clk">in, 1, ap_ctrl_hs, edit_image_array, return value</column>
<column name="ap_rst_n">in, 1, ap_ctrl_hs, edit_image_array, return value</column>
<column name="interrupt">out, 1, ap_ctrl_hs, edit_image_array, return value</column>
<column name="A_TVALID">in, 1, axis, A_V_dest_V, pointer</column>
<column name="A_TREADY">out, 1, axis, A_V_dest_V, pointer</column>
<column name="A_TDEST">in, 6, axis, A_V_dest_V, pointer</column>
<column name="B_TREADY">in, 1, axis, B_V_dest_V, pointer</column>
<column name="B_TVALID">out, 1, axis, B_V_dest_V, pointer</column>
<column name="B_TDEST">out, 6, axis, B_V_dest_V, pointer</column>
<column name="A_TDATA">in, 32, axis, A_V_data_V, pointer</column>
<column name="A_TKEEP">in, 4, axis, A_V_keep_V, pointer</column>
<column name="A_TSTRB">in, 4, axis, A_V_strb_V, pointer</column>
<column name="A_TUSER">in, 2, axis, A_V_user_V, pointer</column>
<column name="A_TLAST">in, 1, axis, A_V_last_V, pointer</column>
<column name="A_TID">in, 5, axis, A_V_id_V, pointer</column>
<column name="B_TDATA">out, 32, axis, B_V_data_V, pointer</column>
<column name="B_TKEEP">out, 4, axis, B_V_keep_V, pointer</column>
<column name="B_TSTRB">out, 4, axis, B_V_strb_V, pointer</column>
<column name="B_TUSER">out, 2, axis, B_V_user_V, pointer</column>
<column name="B_TLAST">out, 1, axis, B_V_last_V, pointer</column>
<column name="B_TID">out, 5, axis, B_V_id_V, pointer</column>
</table>
</item>
</section>
</profile>
