<stg><name>edit_image_array</name>


<trans_list>

<trans id="47" from="1" to="2">
<condition id="-1">
<or_exp><and_exp></and_exp></or_exp>
</condition>
</trans>
</trans_list>



<state_list>

<state id="1" st_id="2">

<operation id="5" st_id="1" stage="1" lat="1">
<core>NULL</core>
<MemPortIdVec></MemPortIdVec>
<condition id="-1">
<or_exp><and_exp></and_exp></or_exp>
</condition>

<Node id="15" bw="0" op_0_bw="0" op_1_bw="0">
<![CDATA[
entry:0 %spectopmodule_ln21 = spectopmodule void @_ssdm_op_SpecTopModule, void @empty_6

]]></Node>
<StgValue><ssdm name="spectopmodule_ln21"/></StgValue>
</operation>

<operation id="6" st_id="1" stage="1" lat="1">
<core>NULL</core>
<MemPortIdVec></MemPortIdVec>
<condition id="-1">
<or_exp><and_exp></and_exp></or_exp>
</condition>

<Node id="16" bw="0" op_0_bw="0" op_1_bw="32" op_2_bw="4" op_3_bw="4" op_4_bw="2" op_5_bw="1" op_6_bw="5" op_7_bw="6" op_8_bw="0" op_9_bw="32" op_10_bw="32" op_11_bw="0" op_12_bw="32" op_13_bw="32" op_14_bw="0" op_15_bw="0" op_16_bw="0" op_17_bw="32" op_18_bw="32" op_19_bw="32" op_20_bw="32" op_21_bw="0" op_22_bw="0" op_23_bw="32" op_24_bw="32">
<![CDATA[
entry:1 %specinterface_ln0 = specinterface void @_ssdm_op_SpecInterface, i32 %A_V_data_V, i4 %A_V_keep_V, i4 %A_V_strb_V, i2 %A_V_user_V, i1 %A_V_last_V, i5 %A_V_id_V, i6 %A_V_dest_V, void @empty, i32 1, i32 1, void @empty_0, i32 0, i32 0, void @empty_1, void @empty_1, void @empty_1, i32 0, i32 0, i32 0, i32 0, void @empty_1, void @empty_1, i32 4294967295, i32 0

]]></Node>
<StgValue><ssdm name="specinterface_ln0"/></StgValue>
</operation>

<operation id="7" st_id="1" stage="1" lat="1">
<core>NULL</core>
<MemPortIdVec></MemPortIdVec>
<condition id="-1">
<or_exp><and_exp></and_exp></or_exp>
</condition>

<Node id="17" bw="0" op_0_bw="0" op_1_bw="32">
<![CDATA[
entry:2 %specbitsmap_ln0 = specbitsmap void @_ssdm_op_SpecBitsMap, i32 %A_V_data_V

]]></Node>
<StgValue><ssdm name="specbitsmap_ln0"/></StgValue>
</operation>

<operation id="8" st_id="1" stage="1" lat="1">
<core>NULL</core>
<MemPortIdVec></MemPortIdVec>
<condition id="-1">
<or_exp><and_exp></and_exp></or_exp>
</condition>

<Node id="18" bw="0" op_0_bw="0" op_1_bw="4">
<![CDATA[
entry:3 %specbitsmap_ln0 = specbitsmap void @_ssdm_op_SpecBitsMap, i4 %A_V_keep_V

]]></Node>
<StgValue><ssdm name="specbitsmap_ln0"/></StgValue>
</operation>

<operation id="9" st_id="1" stage="1" lat="1">
<core>NULL</core>
<MemPortIdVec></MemPortIdVec>
<condition id="-1">
<or_exp><and_exp></and_exp></or_exp>
</condition>

<Node id="19" bw="0" op_0_bw="0" op_1_bw="4">
<![CDATA[
entry:4 %specbitsmap_ln0 = specbitsmap void @_ssdm_op_SpecBitsMap, i4 %A_V_strb_V

]]></Node>
<StgValue><ssdm name="specbitsmap_ln0"/></StgValue>
</operation>

<operation id="10" st_id="1" stage="1" lat="1">
<core>NULL</core>
<MemPortIdVec></MemPortIdVec>
<condition id="-1">
<or_exp><and_exp></and_exp></or_exp>
</condition>

<Node id="20" bw="0" op_0_bw="0" op_1_bw="2">
<![CDATA[
entry:5 %specbitsmap_ln0 = specbitsmap void @_ssdm_op_SpecBitsMap, i2 %A_V_user_V

]]></Node>
<StgValue><ssdm name="specbitsmap_ln0"/></StgValue>
</operation>

<operation id="11" st_id="1" stage="1" lat="1">
<core>NULL</core>
<MemPortIdVec></MemPortIdVec>
<condition id="-1">
<or_exp><and_exp></and_exp></or_exp>
</condition>

<Node id="21" bw="0" op_0_bw="0" op_1_bw="1">
<![CDATA[
entry:6 %specbitsmap_ln0 = specbitsmap void @_ssdm_op_SpecBitsMap, i1 %A_V_last_V

]]></Node>
<StgValue><ssdm name="specbitsmap_ln0"/></StgValue>
</operation>

<operation id="12" st_id="1" stage="1" lat="1">
<core>NULL</core>
<MemPortIdVec></MemPortIdVec>
<condition id="-1">
<or_exp><and_exp></and_exp></or_exp>
</condition>

<Node id="22" bw="0" op_0_bw="0" op_1_bw="5">
<![CDATA[
entry:7 %specbitsmap_ln0 = specbitsmap void @_ssdm_op_SpecBitsMap, i5 %A_V_id_V

]]></Node>
<StgValue><ssdm name="specbitsmap_ln0"/></StgValue>
</operation>

<operation id="13" st_id="1" stage="1" lat="1">
<core>NULL</core>
<MemPortIdVec></MemPortIdVec>
<condition id="-1">
<or_exp><and_exp></and_exp></or_exp>
</condition>

<Node id="23" bw="0" op_0_bw="0" op_1_bw="6">
<![CDATA[
entry:8 %specbitsmap_ln0 = specbitsmap void @_ssdm_op_SpecBitsMap, i6 %A_V_dest_V

]]></Node>
<StgValue><ssdm name="specbitsmap_ln0"/></StgValue>
</operation>

<operation id="14" st_id="1" stage="1" lat="1">
<core>NULL</core>
<MemPortIdVec></MemPortIdVec>
<condition id="-1">
<or_exp><and_exp></and_exp></or_exp>
</condition>

<Node id="24" bw="0" op_0_bw="0" op_1_bw="32" op_2_bw="4" op_3_bw="4" op_4_bw="2" op_5_bw="1" op_6_bw="5" op_7_bw="6" op_8_bw="0" op_9_bw="32" op_10_bw="32" op_11_bw="0" op_12_bw="32" op_13_bw="32" op_14_bw="0" op_15_bw="0" op_16_bw="0" op_17_bw="32" op_18_bw="32" op_19_bw="32" op_20_bw="32" op_21_bw="0" op_22_bw="0" op_23_bw="32" op_24_bw="32">
<![CDATA[
entry:9 %specinterface_ln0 = specinterface void @_ssdm_op_SpecInterface, i32 %B_V_data_V, i4 %B_V_keep_V, i4 %B_V_strb_V, i2 %B_V_user_V, i1 %B_V_last_V, i5 %B_V_id_V, i6 %B_V_dest_V, void @empty, i32 1, i32 1, void @empty_0, i32 0, i32 0, void @empty_1, void @empty_1, void @empty_1, i32 0, i32 0, i32 0, i32 0, void @empty_1, void @empty_1, i32 4294967295, i32 0

]]></Node>
<StgValue><ssdm name="specinterface_ln0"/></StgValue>
</operation>

<operation id="15" st_id="1" stage="1" lat="1">
<core>NULL</core>
<MemPortIdVec></MemPortIdVec>
<condition id="-1">
<or_exp><and_exp></and_exp></or_exp>
</condition>

<Node id="25" bw="0" op_0_bw="0" op_1_bw="32">
<![CDATA[
entry:10 %specbitsmap_ln0 = specbitsmap void @_ssdm_op_SpecBitsMap, i32 %B_V_data_V

]]></Node>
<StgValue><ssdm name="specbitsmap_ln0"/></StgValue>
</operation>

<operation id="16" st_id="1" stage="1" lat="1">
<core>NULL</core>
<MemPortIdVec></MemPortIdVec>
<condition id="-1">
<or_exp><and_exp></and_exp></or_exp>
</condition>

<Node id="26" bw="0" op_0_bw="0" op_1_bw="4">
<![CDATA[
entry:11 %specbitsmap_ln0 = specbitsmap void @_ssdm_op_SpecBitsMap, i4 %B_V_keep_V

]]></Node>
<StgValue><ssdm name="specbitsmap_ln0"/></StgValue>
</operation>

<operation id="17" st_id="1" stage="1" lat="1">
<core>NULL</core>
<MemPortIdVec></MemPortIdVec>
<condition id="-1">
<or_exp><and_exp></and_exp></or_exp>
</condition>

<Node id="27" bw="0" op_0_bw="0" op_1_bw="4">
<![CDATA[
entry:12 %specbitsmap_ln0 = specbitsmap void @_ssdm_op_SpecBitsMap, i4 %B_V_strb_V

]]></Node>
<StgValue><ssdm name="specbitsmap_ln0"/></StgValue>
</operation>

<operation id="18" st_id="1" stage="1" lat="1">
<core>NULL</core>
<MemPortIdVec></MemPortIdVec>
<condition id="-1">
<or_exp><and_exp></and_exp></or_exp>
</condition>

<Node id="28" bw="0" op_0_bw="0" op_1_bw="2">
<![CDATA[
entry:13 %specbitsmap_ln0 = specbitsmap void @_ssdm_op_SpecBitsMap, i2 %B_V_user_V

]]></Node>
<StgValue><ssdm name="specbitsmap_ln0"/></StgValue>
</operation>

<operation id="19" st_id="1" stage="1" lat="1">
<core>NULL</core>
<MemPortIdVec></MemPortIdVec>
<condition id="-1">
<or_exp><and_exp></and_exp></or_exp>
</condition>

<Node id="29" bw="0" op_0_bw="0" op_1_bw="1">
<![CDATA[
entry:14 %specbitsmap_ln0 = specbitsmap void @_ssdm_op_SpecBitsMap, i1 %B_V_last_V

]]></Node>
<StgValue><ssdm name="specbitsmap_ln0"/></StgValue>
</operation>

<operation id="20" st_id="1" stage="1" lat="1">
<core>NULL</core>
<MemPortIdVec></MemPortIdVec>
<condition id="-1">
<or_exp><and_exp></and_exp></or_exp>
</condition>

<Node id="30" bw="0" op_0_bw="0" op_1_bw="5">
<![CDATA[
entry:15 %specbitsmap_ln0 = specbitsmap void @_ssdm_op_SpecBitsMap, i5 %B_V_id_V

]]></Node>
<StgValue><ssdm name="specbitsmap_ln0"/></StgValue>
</operation>

<operation id="21" st_id="1" stage="1" lat="1">
<core>NULL</core>
<MemPortIdVec></MemPortIdVec>
<condition id="-1">
<or_exp><and_exp></and_exp></or_exp>
</condition>

<Node id="31" bw="0" op_0_bw="0" op_1_bw="6">
<![CDATA[
entry:16 %specbitsmap_ln0 = specbitsmap void @_ssdm_op_SpecBitsMap, i6 %B_V_dest_V

]]></Node>
<StgValue><ssdm name="specbitsmap_ln0"/></StgValue>
</operation>

<operation id="22" st_id="1" stage="1" lat="1">
<core>NULL</core>
<MemPortIdVec></MemPortIdVec>
<condition id="-1">
<or_exp><and_exp></and_exp></or_exp>
</condition>

<Node id="32" bw="0" op_0_bw="0" op_1_bw="32" op_2_bw="0" op_3_bw="32" op_4_bw="32" op_5_bw="0" op_6_bw="32" op_7_bw="32" op_8_bw="0" op_9_bw="0" op_10_bw="0" op_11_bw="32" op_12_bw="32" op_13_bw="32" op_14_bw="32" op_15_bw="0" op_16_bw="0" op_17_bw="32" op_18_bw="32">
<![CDATA[
entry:17 %specinterface_ln0 = specinterface void @_ssdm_op_SpecInterface, i32 0, void @empty_2, i32 0, i32 0, void @empty_1, i32 0, i32 0, void @empty_3, void @empty_1, void @empty_1, i32 0, i32 0, i32 0, i32 0, void @empty_1, void @empty_1, i32 4294967295, i32 0

]]></Node>
<StgValue><ssdm name="specinterface_ln0"/></StgValue>
</operation>

<operation id="23" st_id="1" stage="1" lat="1">
<core>NULL</core>
<MemPortIdVec></MemPortIdVec>
<condition id="-1">
<or_exp><and_exp></and_exp></or_exp>
</condition>

<Node id="33" bw="0" op_0_bw="0" op_1_bw="32" op_2_bw="4" op_3_bw="4" op_4_bw="2" op_5_bw="1" op_6_bw="5" op_7_bw="6" op_8_bw="0">
<![CDATA[
entry:18 %specaxissidechannel_ln29 = specaxissidechannel void @_ssdm_op_SpecAXISSideChannel, i32 %B_V_data_V, i4 %B_V_keep_V, i4 %B_V_strb_V, i2 %B_V_user_V, i1 %B_V_last_V, i5 %B_V_id_V, i6 %B_V_dest_V, void @empty_4

]]></Node>
<StgValue><ssdm name="specaxissidechannel_ln29"/></StgValue>
</operation>

<operation id="24" st_id="1" stage="1" lat="1">
<core>NULL</core>
<MemPortIdVec></MemPortIdVec>
<condition id="-1">
<or_exp><and_exp></and_exp></or_exp>
</condition>

<Node id="34" bw="0" op_0_bw="0" op_1_bw="32" op_2_bw="4" op_3_bw="4" op_4_bw="2" op_5_bw="1" op_6_bw="5" op_7_bw="6" op_8_bw="0">
<![CDATA[
entry:19 %specaxissidechannel_ln29 = specaxissidechannel void @_ssdm_op_SpecAXISSideChannel, i32 %A_V_data_V, i4 %A_V_keep_V, i4 %A_V_strb_V, i2 %A_V_user_V, i1 %A_V_last_V, i5 %A_V_id_V, i6 %A_V_dest_V, void @empty_5

]]></Node>
<StgValue><ssdm name="specaxissidechannel_ln29"/></StgValue>
</operation>

<operation id="25" st_id="1" stage="1" lat="1">
<core>NULL</core>
<MemPortIdVec></MemPortIdVec>
<condition id="-1">
<or_exp><and_exp></and_exp></or_exp>
</condition>

<Node id="35" bw="0" op_0_bw="0">
<![CDATA[
entry:20 %br_ln29 = br void %while.body

]]></Node>
<StgValue><ssdm name="br_ln29"/></StgValue>
</operation>

<operation id="26" st_id="1" stage="1" lat="1">
<core>axis</core>
<MemPortIdVec></MemPortIdVec>
<condition id="-1">
<or_exp><and_exp></and_exp></or_exp>
</condition>

<Node id="37" bw="54" op_0_bw="54" op_1_bw="32" op_2_bw="4" op_3_bw="4" op_4_bw="2" op_5_bw="1" op_6_bw="5" op_7_bw="6">
<![CDATA[
while.body:0 %empty = read i54 @_ssdm_op_Read.axis.volatile.i32P0A.i4P0A.i4P0A.i2P0A.i1P0A.i5P0A.i6P0A, i32 %A_V_data_V, i4 %A_V_keep_V, i4 %A_V_strb_V, i2 %A_V_user_V, i1 %A_V_last_V, i5 %A_V_id_V, i6 %A_V_dest_V

]]></Node>
<StgValue><ssdm name="empty"/></StgValue>
</operation>

<operation id="27" st_id="1" stage="1" lat="1">
<core>NULL</core>
<MemPortIdVec></MemPortIdVec>
<condition id="-1">
<or_exp><and_exp></and_exp></or_exp>
</condition>

<Node id="38" bw="32" op_0_bw="54">
<![CDATA[
while.body:1 %tmp_data = extractvalue i54 %empty

]]></Node>
<StgValue><ssdm name="tmp_data"/></StgValue>
</operation>

<operation id="28" st_id="1" stage="1" lat="1">
<core>NULL</core>
<MemPortIdVec></MemPortIdVec>
<condition id="-1">
<or_exp><and_exp></and_exp></or_exp>
</condition>

<Node id="39" bw="4" op_0_bw="54">
<![CDATA[
while.body:2 %tmp_keep = extractvalue i54 %empty

]]></Node>
<StgValue><ssdm name="tmp_keep"/></StgValue>
</operation>

<operation id="29" st_id="1" stage="1" lat="1">
<core>NULL</core>
<MemPortIdVec></MemPortIdVec>
<condition id="-1">
<or_exp><and_exp></and_exp></or_exp>
</condition>

<Node id="40" bw="4" op_0_bw="54">
<![CDATA[
while.body:3 %tmp_strb = extractvalue i54 %empty

]]></Node>
<StgValue><ssdm name="tmp_strb"/></StgValue>
</operation>

<operation id="30" st_id="1" stage="1" lat="1">
<core>NULL</core>
<MemPortIdVec></MemPortIdVec>
<condition id="-1">
<or_exp><and_exp></and_exp></or_exp>
</condition>

<Node id="41" bw="2" op_0_bw="54">
<![CDATA[
while.body:4 %tmp_user = extractvalue i54 %empty

]]></Node>
<StgValue><ssdm name="tmp_user"/></StgValue>
</operation>

<operation id="31" st_id="1" stage="1" lat="1">
<core>NULL</core>
<MemPortIdVec></MemPortIdVec>
<condition id="-1">
<or_exp><and_exp></and_exp></or_exp>
</condition>

<Node id="42" bw="1" op_0_bw="54">
<![CDATA[
while.body:5 %tmp_last = extractvalue i54 %empty

]]></Node>
<StgValue><ssdm name="tmp_last"/></StgValue>
</operation>

<operation id="32" st_id="1" stage="1" lat="1">
<core>NULL</core>
<MemPortIdVec></MemPortIdVec>
<condition id="-1">
<or_exp><and_exp></and_exp></or_exp>
</condition>

<Node id="43" bw="5" op_0_bw="54">
<![CDATA[
while.body:6 %tmp_id = extractvalue i54 %empty

]]></Node>
<StgValue><ssdm name="tmp_id"/></StgValue>
</operation>

<operation id="33" st_id="1" stage="1" lat="1">
<core>NULL</core>
<MemPortIdVec></MemPortIdVec>
<condition id="-1">
<or_exp><and_exp></and_exp></or_exp>
</condition>

<Node id="44" bw="6" op_0_bw="54">
<![CDATA[
while.body:7 %tmp_dest = extractvalue i54 %empty

]]></Node>
<StgValue><ssdm name="tmp_dest"/></StgValue>
</operation>

<operation id="34" st_id="1" stage="1" lat="1">
<core>Adder</core>
<MemPortIdVec></MemPortIdVec>
<condition id="-1">
<or_exp><and_exp></and_exp></or_exp>
</condition>

<Node id="45" bw="32" op_0_bw="32" op_1_bw="32">
<![CDATA[
while.body:8 %tmp_data_1 = add i32 %tmp_data, i32 5

]]></Node>
<StgValue><ssdm name="tmp_data_1"/></StgValue>
</operation>

<operation id="35" st_id="1" stage="2" lat="2">
<core>axis</core>
<MemPortIdVec></MemPortIdVec>
<condition id="-1">
<or_exp><and_exp></and_exp></or_exp>
</condition>

<Node id="46" bw="0" op_0_bw="0" op_1_bw="32" op_2_bw="4" op_3_bw="4" op_4_bw="2" op_5_bw="1" op_6_bw="5" op_7_bw="6" op_8_bw="32" op_9_bw="4" op_10_bw="4" op_11_bw="2" op_12_bw="1" op_13_bw="5" op_14_bw="6">
<![CDATA[
while.body:9 %write_ln33 = write void @_ssdm_op_Write.axis.volatile.i32P0A.i4P0A.i4P0A.i2P0A.i1P0A.i5P0A.i6P0A, i32 %B_V_data_V, i4 %B_V_keep_V, i4 %B_V_strb_V, i2 %B_V_user_V, i1 %B_V_last_V, i5 %B_V_id_V, i6 %B_V_dest_V, i32 %tmp_data_1, i4 %tmp_keep, i4 %tmp_strb, i2 %tmp_user, i1 %tmp_last, i5 %tmp_id, i6 %tmp_dest

]]></Node>
<StgValue><ssdm name="write_ln33"/></StgValue>
</operation>

<operation id="36" st_id="1" stage="1" lat="1">
<core>NULL</core>
<MemPortIdVec></MemPortIdVec>
<condition id="-1">
<or_exp><and_exp></and_exp></or_exp>
</condition>

<Node id="47" bw="0" op_0_bw="1" op_1_bw="0" op_2_bw="0">
<![CDATA[
while.body:10 %br_ln34 = br i1 %tmp_last, void %if.end, void %while.end

]]></Node>
<StgValue><ssdm name="br_ln34"/></StgValue>
</operation>

<operation id="37" st_id="1" stage="1" lat="1">
<core>NULL</core>
<MemPortIdVec></MemPortIdVec>
<condition id="-1">
<or_exp><and_exp><literal name="tmp_last" val="0"/>
</and_exp></or_exp>
</condition>

<Node id="49" bw="0" op_0_bw="0" op_1_bw="32" op_2_bw="32" op_3_bw="32" op_4_bw="32" op_5_bw="0">
<![CDATA[
if.end:0 %specpipeline_ln29 = specpipeline void @_ssdm_op_SpecPipeline, i32 4294967295, i32 0, i32 0, i32 0, void @empty_1

]]></Node>
<StgValue><ssdm name="specpipeline_ln29"/></StgValue>
</operation>

<operation id="38" st_id="1" stage="1" lat="1">
<core>NULL</core>
<MemPortIdVec></MemPortIdVec>
<condition id="-1">
<or_exp><and_exp><literal name="tmp_last" val="0"/>
</and_exp></or_exp>
</condition>

<Node id="50" bw="0" op_0_bw="0" op_1_bw="0">
<![CDATA[
if.end:1 %specloopname_ln29 = specloopname void @_ssdm_op_SpecLoopName, void @empty_7

]]></Node>
<StgValue><ssdm name="specloopname_ln29"/></StgValue>
</operation>

<operation id="39" st_id="1" stage="1" lat="1">
<core>NULL</core>
<MemPortIdVec></MemPortIdVec>
<condition id="-1">
<or_exp><and_exp><literal name="tmp_last" val="0"/>
</and_exp></or_exp>
</condition>

<Node id="51" bw="0" op_0_bw="0">
<![CDATA[
if.end:2 %br_ln29 = br void %while.body

]]></Node>
<StgValue><ssdm name="br_ln29"/></StgValue>
</operation>
</state>

<state id="2" st_id="3">

<operation id="40" st_id="2" stage="1" lat="2">
<core>axis</core>
<MemPortIdVec></MemPortIdVec>
<condition id="-1">
<or_exp><and_exp></and_exp></or_exp>
</condition>

<Node id="46" bw="0" op_0_bw="0" op_1_bw="32" op_2_bw="4" op_3_bw="4" op_4_bw="2" op_5_bw="1" op_6_bw="5" op_7_bw="6" op_8_bw="32" op_9_bw="4" op_10_bw="4" op_11_bw="2" op_12_bw="1" op_13_bw="5" op_14_bw="6">
<![CDATA[
while.body:9 %write_ln33 = write void @_ssdm_op_Write.axis.volatile.i32P0A.i4P0A.i4P0A.i2P0A.i1P0A.i5P0A.i6P0A, i32 %B_V_data_V, i4 %B_V_keep_V, i4 %B_V_strb_V, i2 %B_V_user_V, i1 %B_V_last_V, i5 %B_V_id_V, i6 %B_V_dest_V, i32 %tmp_data_1, i4 %tmp_keep, i4 %tmp_strb, i2 %tmp_user, i1 %tmp_last, i5 %tmp_id, i6 %tmp_dest

]]></Node>
<StgValue><ssdm name="write_ln33"/></StgValue>
</operation>

<operation id="41" st_id="2" stage="1" lat="1">
<core>NULL</core>
<MemPortIdVec></MemPortIdVec>
<condition id="-1">
<or_exp><and_exp><literal name="tmp_last" val="1"/>
</and_exp></or_exp>
</condition>

<Node id="53" bw="0">
<![CDATA[
while.end:0 %ret_ln41 = ret

]]></Node>
<StgValue><ssdm name="ret_ln41"/></StgValue>
</operation>
</state>
</state_list>


<ports>
</ports>


<dataflows>
</dataflows>


</stg>
