<xilinx:hls_fe_msgs>
    <msg msg_groups="PRAGMA_VERBOSE_DUMP" msg_id="207-5471" msg_severity="WARNING" msg_loc="D:/Xilinx/Vitis_HLS/2023.2/common/technology/autopilot\ap_axi_sdata.h:135:9" msg_body="HLS pragma dump">
        <args ARG_PragmaFunction="get_data" ARG_PragmaIsValid="1" ARG_PragmaType="inline" ClangWarningOption="dump-hls-pragmas"/>
    </msg>
    <msg msg_groups="PRAGMA_VERBOSE_DUMP" msg_id="207-5471" msg_severity="WARNING" msg_loc="D:/Xilinx/Vitis_HLS/2023.2/common/technology/autopilot\ap_axi_sdata.h:140:9" msg_body="HLS pragma dump">
        <args ARG_PragmaFunction="set_data" ARG_PragmaIsValid="1" ARG_PragmaType="inline" ClangWarningOption="dump-hls-pragmas"/>
    </msg>
    <msg msg_groups="PRAGMA_VERBOSE_DUMP" msg_id="207-5471" msg_severity="WARNING" msg_loc="D:/Xilinx/Vitis_HLS/2023.2/common/technology/autopilot\ap_axi_sdata.h:205:9" msg_body="HLS pragma dump">
        <args ARG_PragmaFunction="keep_all" ARG_PragmaIsValid="1" ARG_PragmaType="inline" ClangWarningOption="dump-hls-pragmas"/>
    </msg>
    <msg msg_groups="PRAGMA_VERBOSE_DUMP" msg_id="207-5471" msg_severity="WARNING" msg_loc="D:/Xilinx/Vitis_HLS/2023.2/common/technology/autopilot\ap_axi_sdata.h:317:9" msg_body="HLS pragma dump">
        <args ARG_PragmaFunction="empty" ARG_PragmaIsValid="1" ARG_PragmaType="inline" ClangWarningOption="dump-hls-pragmas"/>
    </msg>
    <msg msg_groups="PRAGMA_VERBOSE_DUMP" msg_id="207-5471" msg_severity="WARNING" msg_loc="D:/Xilinx/Vitis_HLS/2023.2/common/technology/autopilot\ap_axi_sdata.h:325:9" msg_body="HLS pragma dump">
        <args ARG_PragmaFunction="full" ARG_PragmaIsValid="1" ARG_PragmaType="inline" ClangWarningOption="dump-hls-pragmas"/>
    </msg>
    <msg msg_groups="PRAGMA_VERBOSE_DUMP" msg_id="207-5471" msg_severity="WARNING" msg_loc="D:/Xilinx/Vitis_HLS/2023.2/common/technology/autopilot\ap_axi_sdata.h:334:9" msg_body="HLS pragma dump">
        <args ARG_PragmaFunction="read" ARG_PragmaIsValid="1" ARG_PragmaType="inline" ClangWarningOption="dump-hls-pragmas"/>
    </msg>
    <msg msg_groups="PRAGMA_VERBOSE_DUMP" msg_id="207-5471" msg_severity="WARNING" msg_loc="D:/Xilinx/Vitis_HLS/2023.2/common/technology/autopilot\ap_axi_sdata.h:345:9" msg_body="HLS pragma dump">
        <args ARG_PragmaFunction="read" ARG_PragmaIsValid="1" ARG_PragmaType="inline" ClangWarningOption="dump-hls-pragmas"/>
    </msg>
    <msg msg_groups="PRAGMA_VERBOSE_DUMP" msg_id="207-5471" msg_severity="WARNING" msg_loc="D:/Xilinx/Vitis_HLS/2023.2/common/technology/autopilot\ap_axi_sdata.h:357:9" msg_body="HLS pragma dump">
        <args ARG_PragmaFunction="write" ARG_PragmaIsValid="1" ARG_PragmaType="inline" ClangWarningOption="dump-hls-pragmas"/>
    </msg>
    <msg msg_groups="PRAGMA_VERBOSE_DUMP" msg_id="207-5471" msg_severity="WARNING" msg_loc="D:/Xilinx/Vitis_HLS/2023.2/common/technology/autopilot\ap_axi_sdata.h:368:9" msg_body="HLS pragma dump">
        <args ARG_PragmaFunction="read_nb" ARG_PragmaIsValid="1" ARG_PragmaType="inline" ClangWarningOption="dump-hls-pragmas"/>
    </msg>
    <msg msg_groups="PRAGMA_VERBOSE_DUMP" msg_id="207-5471" msg_severity="WARNING" msg_loc="D:/Xilinx/Vitis_HLS/2023.2/common/technology/autopilot\ap_axi_sdata.h:385:9" msg_body="HLS pragma dump">
        <args ARG_PragmaFunction="write_nb" ARG_PragmaIsValid="1" ARG_PragmaType="inline" ClangWarningOption="dump-hls-pragmas"/>
    </msg>
    <msg msg_groups="PRAGMA_VERBOSE_DUMP" msg_id="207-5471" msg_severity="WARNING" msg_loc="D:/MyWork/WS_PYNQ/HLS/image_array_correction/solution1/csynth.tcl:15:9" msg_body="HLS pragma dump">
        <args ARG_PragmaContext="directive" ARG_PragmaFunction="edit_image_array" ARG_PragmaIsValid="1" ARG_PragmaOptions="name=edit_image_array" ARG_PragmaType="top" ClangWarningOption="dump-hls-pragmas"/>
    </msg>
    <msg msg_groups="PRAGMA_VERBOSE_DUMP" msg_id="207-5471" msg_severity="WARNING" msg_loc="main.cpp:24:9" msg_body="HLS pragma dump">
        <args ARG_PragmaFunction="edit_image_array" ARG_PragmaIsValid="1" ARG_PragmaOptions="axis port=A" ARG_PragmaType="interface" ClangWarningOption="dump-hls-pragmas"/>
    </msg>
    <msg msg_groups="PRAGMA_VERBOSE_DUMP" msg_id="207-5471" msg_severity="WARNING" msg_loc="main.cpp:25:9" msg_body="HLS pragma dump">
        <args ARG_PragmaFunction="edit_image_array" ARG_PragmaIsValid="1" ARG_PragmaOptions="axis port=B" ARG_PragmaType="interface" ClangWarningOption="dump-hls-pragmas"/>
    </msg>
    <msg msg_groups="PRAGMA_VERBOSE_DUMP" msg_id="207-5471" msg_severity="WARNING" msg_loc="main.cpp:26:9" msg_body="HLS pragma dump">
        <args ARG_PragmaFunction="edit_image_array" ARG_PragmaIsValid="1" ARG_PragmaOptions="s_axilite port=return" ARG_PragmaType="interface" ClangWarningOption="dump-hls-pragmas"/>
    </msg>
</xilinx:hls_fe_msgs>

