<pragmas>
<pragma file="" line="0" pragmaType="inline" parentfunction="ap_int_base<1, false>::operator unsigned long long() const" off="0" region="0" recursive="0"/>
<pragma file="" line="0" pragmaType="inline" parentfunction="ap_int_base<32, true>::ap_int_base(int)" off="0" region="0" recursive="0"/>
<pragma file="" line="0" pragmaType="inline" parentfunction="ap_int<32>::ap_int(int)" off="0" region="0" recursive="0"/>
<pragma file="" line="0" pragmaType="inline" parentfunction="get_dest_ptr" off="0" region="0" recursive="0"/>
<pragma file="D:/Xilinx/Vitis_HLS/2023.2/common/technology/autopilot\etc/ap_common.h" line="515" pragmaType="inline" parentfunction="ssdm_int<32, true>::ssdm_int(int)" off="0" region="0" recursive="0"/>
<pragma file="" line="0" pragmaType="inline" parentfunction="get_user_ptr" off="0" region="0" recursive="0"/>
<pragma file="" line="0" pragmaType="inline" parentfunction="get_strb_ptr" off="0" region="0" recursive="0"/>
<pragma file="" line="0" pragmaType="inline" parentfunction="read" off="0" region="0" recursive="0"/>
<pragma file="" line="0" pragmaType="inline" parentfunction="to_int" off="0" region="0" recursive="0"/>
<pragma file="" line="0" pragmaType="inline" parentfunction="get_data_ptr" off="0" region="0" recursive="0"/>
<pragma file="" line="0" pragmaType="inline" parentfunction="get_keep_ptr" off="0" region="0" recursive="0"/>
<pragma file="" line="0" pragmaType="inline" parentfunction="write" off="0" region="0" recursive="0"/>
<pragma file="main.cpp" line="24" pragmaType="interface" parentfunction="edit_image_array" mode="axis" port="A" register="0" register_mode="both" name="" depth="-1"/>
<pragma file="main.cpp" line="25" pragmaType="interface" parentfunction="edit_image_array" mode="axis" port="B" register="0" register_mode="both" name="" depth="-1"/>
<pragma file="main.cpp" line="26" pragmaType="interface" parentfunction="edit_image_array" mode="s_axilite" port="" bundle="" offset="-1" name="" clock="" impl="" register="0"/>
<pragma file="" line="0" pragmaType="inline" parentfunction="get_last_ptr" off="0" region="0" recursive="0"/>
<pragma file="" line="0" pragmaType="inline" parentfunction="get_id_ptr" off="0" region="0" recursive="0"/>
<pragma file="" line="0" pragmaType="inline" parentfunction="checkOverflowBaseC" off="0" region="0" recursive="0"/>
</pragmas>
