<root versionMajor = "1" versionMinor = "5">
  <kernel src_name="edit_image_array" language="c" hwCtrl="ap_ctrl_hs" mem_layout="fpga64-xilinx-none">
    <args>
      <arg id="0" access_type="r" src_name="A" src_type="stream&lt;hls::axis&lt;ap_int&lt;32&gt;, 2, 5, 6, &apos;8&apos;, false&gt;, 0&gt;&amp;" src_isptr="1" src_bitwidth="96" src_size_or_depth="1">
        <hw hw_usage="data" hw_interface="AXI-Stream" hw_name="A" hw_bitwidth="32" hw_size_or_depth="1" hw_kernel_support="true">
          <constraint constraint_type="pragma interface" mode="axis" register_option="0" register_mode="both"/>
        </hw>
      </arg>
      <arg id="1" access_type="w" src_name="B" src_type="stream&lt;hls::axis&lt;ap_int&lt;32&gt;, 2, 5, 6, &apos;8&apos;, false&gt;, 0&gt;&amp;" src_isptr="1" src_bitwidth="96" src_size_or_depth="1">
        <hw hw_usage="data" hw_interface="AXI-Stream" hw_name="B" hw_bitwidth="32" hw_size_or_depth="1" hw_kernel_support="true">
          <constraint constraint_type="pragma interface" mode="axis" register_option="0" register_mode="both"/>
        </hw>
      </arg>
    </args>
    <return src_type="void" src_bitwidth="0" offset="0x0">
      <hw hw_usage="data" hw_interface="" hw_name="" hw_bitwidth="0" hw_kernel_support="true"/>
    </return>
  </kernel>
</root>
