<?xml version="1.0"?>
<Runs Version="1" Minor="0">
	<Run Id="dma_hls_zynq_ultra_ps_e_0_0_synth_1" LaunchDir="D:/MyWork/WS_PYNQ/Vivado/DMA_HLS/DMA_HLS.runs/dma_hls_zynq_ultra_ps_e_0_0_synth_1" FlowId="Vivado_Synthesis" FromStepId="vivado" ToStepId="vivado"/>
	<Run Id="synth_1" LaunchDir="D:/MyWork/WS_PYNQ/Vivado/DMA_HLS/DMA_HLS.runs/synth_1" FlowId="Vivado_Synthesis" FromStepId="vivado" ToStepId="vivado">
		<Parent Id="dma_hls_zynq_ultra_ps_e_0_0_synth_1"/>
	</Run>
	<Run Id="impl_1" LaunchDir="D:/MyWork/WS_PYNQ/Vivado/DMA_HLS/DMA_HLS.runs/impl_1" FlowId="Vivado_Implementation" FromStepId="init_design" ToStepId="write_bitstream">
		<Parent Id="synth_1"/>
		<Parent Id="dma_hls_zynq_ultra_ps_e_0_0_synth_1"/>
	</Run>
	<Parameters>
		<Parameter Name="runs.monitorLSFJobs" Val="true" Type="bool"/>
		<Parameter Name="runs.enableClusterConf" Val="true" Type="bool"/>
		<Parameter Name="general.shortenLongPath" Val="true" Type="bool"/>
	</Parameters>
	<ProductInfo Name="vivado"/>
</Runs>

