<?xml version="1.0" encoding="UTF-8"?>
<GenRun Id="synth_1" LaunchPart="xck26-sfvc784-2LV-c" LaunchTime="1718946541" LaunchIncrCheckpoint="$PSRCDIR/utils_1/imports/synth_1/dma_hls_wrapper.dcp">
  <File Type="PA-TCL" Name="dma_hls_wrapper.tcl"/>
  <File Type="RDS-PROPCONSTRS" Name="dma_hls_wrapper_drc_synth.rpt"/>
  <File Type="REPORTS-TCL" Name="dma_hls_wrapper_reports.tcl"/>
  <File Type="RDS-RDS" Name="dma_hls_wrapper.vds"/>
  <File Type="RDS-UTIL" Name="dma_hls_wrapper_utilization_synth.rpt"/>
  <File Type="RDS-UTIL-PB" Name="dma_hls_wrapper_utilization_synth.pb"/>
  <File Type="RDS-DCP" Name="dma_hls_wrapper.dcp"/>
  <File Type="VDS-TIMINGSUMMARY" Name="dma_hls_wrapper_timing_summary_synth.rpt"/>
  <File Type="VDS-TIMING-PB" Name="dma_hls_wrapper_timing_summary_synth.pb"/>
  <FileSet Name="sources" Type="DesignSrcs" RelSrcDir="$PSRCDIR/sources_1" RelGenDir="$PGENDIR/sources_1">
    <Filter Type="Srcs"/>
    <File Path="$PSRCDIR/sources_1/bd/dma_hls/dma_hls.bd">
      <FileInfo>
        <Attr Name="UsedIn" Val="synthesis"/>
        <Attr Name="UsedIn" Val="implementation"/>
        <Attr Name="UsedIn" Val="simulation"/>
      </FileInfo>
    </File>
    <File Path="$PGENDIR/sources_1/bd/dma_hls/hdl/dma_hls_wrapper.v">
      <FileInfo>
        <Attr Name="UsedIn" Val="synthesis"/>
        <Attr Name="UsedIn" Val="implementation"/>
        <Attr Name="UsedIn" Val="simulation"/>
      </FileInfo>
    </File>
    <Config>
      <Option Name="DesignMode" Val="RTL"/>
      <Option Name="TopModule" Val="dma_hls_wrapper"/>
      <Option Name="TopAutoSet" Val="TRUE"/>
    </Config>
  </FileSet>
  <FileSet Name="constrs_in" Type="Constrs" RelSrcDir="$PSRCDIR/constrs_1" RelGenDir="$PGENDIR/constrs_1">
    <Filter Type="Constrs"/>
    <Config>
      <Option Name="ConstrsType" Val="XDC"/>
    </Config>
  </FileSet>
  <FileSet Name="utils" Type="Utils" RelSrcDir="$PSRCDIR/utils_1" RelGenDir="$PGENDIR/utils_1">
    <Filter Type="Utils"/>
    <File Path="$PSRCDIR/utils_1/imports/synth_1/dma_hls_wrapper.dcp">
      <FileInfo>
        <Attr Name="UsedIn" Val="synthesis"/>
        <Attr Name="UsedIn" Val="implementation"/>
        <Attr Name="UsedInSteps" Val="synth_1"/>
        <Attr Name="AutoDcp" Val="1"/>
      </FileInfo>
    </File>
    <Config>
      <Option Name="TopAutoSet" Val="TRUE"/>
    </Config>
  </FileSet>
  <Strategy Version="1" Minor="2">
    <StratHandle Name="Vivado Synthesis Defaults" Flow="Vivado Synthesis 2023"/>
    <Step Id="synth_design"/>
  </Strategy>
  <BlockFileSet Type="BlockSrcs" Name="dma_hls_zynq_ultra_ps_e_0_0"/>
  <BlockFileSet Type="BlockSrcs" Name="dma_hls_proc_sys_reset_0_0"/>
  <BlockFileSet Type="BlockSrcs" Name="dma_hls_axi_dma_0_0"/>
  <BlockFileSet Type="BlockSrcs" Name="dma_hls_edit_image_array_0_0"/>
  <BlockFileSet Type="BlockSrcs" Name="dma_hls_xbar_0"/>
</GenRun>
